"metaprogram","rank","gene"
"MP1",1,"BTG2"
"MP1",2,"NR4A1"
"MP1",3,"KLF6"
"MP1",4,"ATF3"
"MP1",5,"KLF4"
"MP1",6,"ZFP36"
"MP1",7,"IRF1"
"MP1",8,"EGR1"
"MP1",9,"CEBPD"
"MP1",10,"GADD45B"
"MP1",11,"FOSB"
"MP1",12,"NFKBIZ"
"MP1",13,"IER2"
"MP1",14,"NFKBIA"
"MP1",15,"PPP1R15A"
"MP1",16,"SOCS3"
"MP1",17,"CCNL1"
"MP1",18,"KLF2"
"MP1",19,"JUNB"
"MP1",20,"DUSP1"
"MP1",21,"HES1"
"MP1",22,"SERTAD1"
"MP1",23,"SLC2A3"
"MP1",24,"CYR61"
"MP1",25,"DNAJB1"
"MP1",26,"ZFP36L1"
"MP1",27,"NR4A2"
"MP1",28,"BHLHE40"
"MP1",29,"CSRNP1"
"MP1",30,"JUN"
"MP1",31,"RHOB"
"MP1",32,"KLF10"
"MP1",33,"FOS"
"MP1",34,"MAFF"
"MP1",35,"HSPA1B"
"MP1",36,"BTG1"
"MP1",37,"CDKN1A"
"MP1",38,"ID3"
"MP1",39,"IER5"
"MP1",40,"CCL2"
"MP1",41,"ID1"
"MP1",42,"SAT1"
"MP1",43,"CEBPB"
"MP1",44,"HSPH1"
"MP1",45,"NEAT1"
"MP1",46,"CTGF"
"MP1",47,"HSPA1A"
"MP1",48,"CXCL2"
"MP1",49,"JUND"
"MP1",50,"MCL1"
"MP2",1,"IGFBP7"
"MP2",2,"MGP"
"MP2",3,"COL1A1"
"MP2",4,"IFI27"
"MP2",5,"IFI6"
"MP2",6,"DCN"
"MP2",7,"TIMP3"
"MP2",8,"TIMP1"
"MP2",9,"BGN"
"MP2",10,"FBLN1"
"MP2",11,"TAGLN"
"MP2",12,"COL3A1"
"MP2",13,"SFRP4"
"MP2",14,"VCAN"
"MP2",15,"MFAP4"
"MP2",16,"GSN"
"MP2",17,"PENK"
"MP2",18,"SAT1"
"MP2",19,"OLFML3"
"MP2",20,"COL8A1"
"MP2",21,"SFRP1"
"MP2",22,"CTGF"
"MP2",23,"FRZB"
"MP2",24,"HLA-B"
"MP2",25,"IGFBP5"
"MP2",26,"MMP2"
"MP2",27,"TAGLN2"
"MP2",28,"TGM2"
"MP2",29,"CYP1B1"
"MP2",30,"SFRP2"
"MP2",31,"ELN"
"MP2",32,"CFB"
"MP2",33,"FN1"
"MP2",34,"IGFBP2"
"MP2",35,"IL32"
"MP2",36,"LTBP2"
"MP2",37,"TM4SF1"
"MP2",38,"IFITM1"
"MP2",39,"MFAP5"
"MP2",40,"SPARC"
"MP2",41,"CYR61"
"MP2",42,"NNMT"
"MP2",43,"PLPP3"
"MP2",44,"RBP4"
"MP2",45,"SLPI"
"MP2",46,"BST2"
"MP2",47,"C1R"
"MP2",48,"ISG15"
"MP2",49,"FGL2"
"MP2",50,"PCOLCE"
"MP3",1,"LDHA"
"MP3",2,"SLPI"
"MP3",3,"NDUFA4L2"
"MP3",4,"FTH1"
"MP3",5,"KRT18"
"MP3",6,"FTL"
"MP3",7,"GAPDH"
"MP3",8,"IGFBP6"
"MP3",9,"MT2A"
"MP3",10,"WFDC2"
"MP3",11,"MT1X"
"MP3",12,"IGFBP3"
"MP3",13,"CKB"
"MP3",14,"GSN"
"MP3",15,"PGK1"
"MP3",16,"CAV1"
"MP3",17,"TAGLN2"
"MP3",18,"APOD"
"MP3",19,"CEBPB"
"MP3",20,"NUPR1"
"MP3",21,"UPK1B"
"MP3",22,"ENO1"
"MP3",23,"S100A6"
"MP3",24,"TAGLN"
"MP3",25,"TGFBI"
"MP3",26,"VEGFA"
"MP3",27,"CD55"
"MP3",28,"CLTB"
"MP3",29,"EMP3"
"MP3",30,"NXPH4"
"MP3",31,"ADIRF"
"MP3",32,"ALDOA"
"MP3",33,"BNIP3"
"MP3",34,"CD177"
"MP3",35,"HILPDA"
"MP3",36,"LOX"
"MP3",37,"PERP"
"MP3",38,"RPS27L"
"MP3",39,"CRYAB"
"MP3",40,"CSTB"
"MP3",41,"MAP1B"
"MP3",42,"MIF"
"MP3",43,"SH3BGRL3"
"MP3",44,"SLC3A2"
"MP3",45,"LGALS1"
"MP3",46,"PLA2G16"
"MP3",47,"PLTP"
"MP3",48,"TIMP3"
"MP3",49,"ADM"
"MP3",50,"CLEC2B"
"MP4",1,"CLIC3"
"MP4",2,"NOV"
"MP4",3,"NDUFA4L2"
"MP4",4,"TNNC1"
"MP4",5,"CRIP2"
"MP4",6,"IGFBP6"
"MP4",7,"SLPI"
"MP4",8,"CCND1"
"MP4",9,"CKB"
"MP4",10,"CRABP2"
"MP4",11,"SH3BGRL3"
"MP4",12,"TAGLN2"
"MP4",13,"ADIRF"
"MP4",14,"C19orf33"
"MP4",15,"S100A6"
"MP4",16,"ASS1"
"MP4",17,"EZR"
"MP4",18,"CD177"
"MP4",19,"KLF2"
"MP4",20,"TUBA1B"
"MP4",21,"UCHL1"
"MP4",22,"CAVIN3"
"MP4",23,"ID1"
"MP4",24,"RBP4"
"MP4",25,"STMN1"
"MP4",26,"YWHAH"
"MP4",27,"DBNDD2"
"MP4",28,"TUBA1A"
"MP4",29,"C9orf16"
"MP4",30,"CRIP1"
"MP4",31,"KRT18"
"MP4",32,"PLAC9"
"MP4",33,"CD9"
"MP4",34,"CLTB"
"MP4",35,"DSP"
"MP4",36,"EMP3"
"MP4",37,"GJB6"
"MP4",38,"S100A10"
"MP4",39,"TNNT1"
"MP4",40,"DNPH1"
"MP4",41,"FXYD6"
"MP4",42,"GJB2"
"MP4",43,"ARL4D"
"MP4",44,"CLEC3B"
"MP4",45,"PI16"
"MP4",46,"PTGDS"
"MP4",47,"ABLIM1"
"MP4",48,"CAPG"
"MP4",49,"COL2A1"
"MP4",50,"COL9A3"
"MP5",1,"H2AFZ"
"MP5",2,"HMGB2"
"MP5",3,"NUSAP1"
"MP5",4,"TOP2A"
"MP5",5,"SMC4"
"MP5",6,"TUBA1B"
"MP5",7,"CKS1B"
"MP5",8,"HMGN2"
"MP5",9,"STMN1"
"MP5",10,"UBE2C"
"MP5",11,"H2AFV"
"MP5",12,"TUBB"
"MP5",13,"BIRC5"
"MP5",14,"HIST1H4C"
"MP5",15,"ARL6IP1"
"MP5",16,"CENPF"
"MP5",17,"CKS2"
"MP5",18,"PTTG1"
"MP5",19,"UBE2T"
"MP5",20,"CDKN3"
"MP5",21,"PCLAF"
"MP5",22,"TPX2"
"MP5",23,"TUBA1C"
"MP5",24,"TYMS"
"MP5",25,"UBE2S"
"MP5",26,"MKI67"
"MP5",27,"TUBB4B"
"MP5",28,"HMGB1"
"MP5",29,"HMMR"
"MP5",30,"PBK"
"MP5",31,"PRC1"
"MP5",32,"ASPM"
"MP5",33,"SMC2"
"MP5",34,"CKAP2"
"MP5",35,"LGALS1"
"MP5",36,"MAD2L1"
"MP5",37,"MT2A"
"MP5",38,"NUF2"
"MP5",39,"CALM3"
"MP5",40,"PCNA"
"MP5",41,"DEK"
"MP5",42,"TK1"
"MP5",43,"CCNB1"
"MP5",44,"CDK1"
"MP5",45,"MXD3"
"MP5",46,"TMEM106C"
"MP5",47,"CALM2"
"MP5",48,"NUCKS1"
"MP5",49,"DUT"
"MP5",50,"NUCB2"
"MP6",1,"CCL4"
"MP6",2,"CCL4L2"
"MP6",3,"CD74"
"MP6",4,"HLA-DRA"
"MP6",5,"HLA-DPA1"
"MP6",6,"HLA-DRB1"
"MP6",7,"IER3"
"MP6",8,"CCL3"
"MP6",9,"BTG1"
"MP6",10,"CCL3L1"
"MP6",11,"CXCL8"
"MP6",12,"G0S2"
"MP6",13,"HLA-DPB1"
"MP6",14,"HLA-DQA1"
"MP6",15,"IL1B"
"MP6",16,"HLA-DRB5"
"MP6",17,"MT2A"
"MP6",18,"SPP1"
"MP6",19,"PLAUR"
"MP6",20,"SOD2"
"MP6",21,"SRGN"
"MP6",22,"TYROBP"
"MP6",23,"OLR1"
"MP6",24,"CCL20"
"MP6",25,"FTH1"
"MP6",26,"FTL"
"MP6",27,"HLA-DQB1"
"MP6",28,"HSPB1"
"MP6",29,"NEAT1"
"MP6",30,"BCL2A1"
"MP6",31,"CEBPB"
"MP6",32,"CD83"
"MP6",33,"HSPA1A"
"MP6",34,"MT-CO2"
"MP6",35,"NFKBIA"
"MP6",36,"TNF"
"MP6",37,"GPR183"
"MP6",38,"HSPH1"
"MP6",39,"REL"
"MP6",40,"HIST1H1C"
"MP6",41,"HSPA6"
"MP6",42,"ID2"
"MP6",43,"KLF6"
"MP6",44,"RGCC"
"MP6",45,"RGS1"
"MP6",46,"AIF1"
"MP6",47,"APOC1"
"MP6",48,"B2M"
"MP6",49,"C1QA"
"MP6",50,"CD44"
"MP7",1,"CEMIP"
"MP7",2,"COL3A1"
"MP7",3,"SULF1"
"MP7",4,"SLC26A2"
"MP7",5,"NOV"
"MP7",6,"CRIM1"
"MP7",7,"LTBP2"
"MP7",8,"NEAT1"
"MP7",9,"SLC12A2"
"MP7",10,"HLA-DRA"
"MP7",11,"VCAN"
"MP7",12,"CTGF"
"MP7",13,"KIAA1324L"
"MP7",14,"MT-ND6"
"MP7",15,"ABLIM1"
"MP7",16,"COL1A1"
"MP7",17,"KCNQ1OT1"
"MP7",18,"AHNAK"
"MP7",19,"EGFL6"
"MP7",20,"ITIH5"
"MP7",21,"DCN"
"MP7",22,"ELN"
"MP7",23,"APP"
"MP7",24,"CD74"
"MP7",25,"FN1"
"MP7",26,"FTX"
"MP7",27,"HLA-DRB1"
"MP7",28,"HSPA5"
"MP7",29,"MEG3"
"MP7",30,"NPNT"
"MP7",31,"SCARA5"
"MP7",32,"TNXB"
"MP7",33,"ADAMTSL3"
"MP7",34,"CCL4L2"
"MP7",35,"F3"
"MP7",36,"LRP1B"
"MP7",37,"NDNF"
"MP7",38,"NORAD"
"MP7",39,"SLC47A1"
"MP7",40,"CCNL1"
"MP7",41,"COL6A3"
"MP7",42,"TSPYL2"
"MP7",43,"COL12A1"
"MP7",44,"KIAA1755"
"MP7",45,"LEPR"
"MP7",46,"OLFML3"
"MP7",47,"SEMA3C"
"MP7",48,"SLC6A20"
"MP7",49,"TIMP3"
"MP7",50,"COL8A1"
"MP8",1,"CRABP1"
"MP8",2,"SLC26A2"
"MP8",3,"APOE"
"MP8",4,"DNASE1L3"
"MP8",5,"GJB6"
"MP8",6,"IFI27"
"MP8",7,"IFI27L2"
"MP8",8,"ISYNA1"
"MP8",9,"ITM2C"
"MP8",10,"PTGDS"
"MP8",11,"GJB2"
"MP8",12,"PLTP"
"MP8",13,"RETREG1"
"MP8",14,"TMEM205"
"MP8",15,"AKAP12"
"MP8",16,"CLEC3B"
"MP8",17,"DNPH1"
"MP8",18,"FN1"
"MP8",19,"FXYD1"
"MP8",20,"ISLR"
"MP8",21,"MT-CO1"
"MP8",22,"NDUFA4L2"
"MP8",23,"RBP1"
"MP8",24,"SLC47A1"
"MP8",25,"SLC4A4"
"MP8",26,"STMN1"
"MP8",27,"C19orf33"
"MP8",28,"CKB"
"MP8",29,"CLEC2B"
"MP8",30,"CLIC3"
"MP8",31,"CRABP2"
"MP8",32,"DSP"
"MP8",33,"GJA1"
"MP8",34,"MT-ND4"
"MP8",35,"RAMP2"
"MP8",36,"TMOD1"
"MP8",37,"BMP5"
"MP8",38,"CEMIP"
"MP8",39,"COL9A3"
"MP8",40,"DCN"
"MP8",41,"EFEMP1"
"MP8",42,"KCNMA1"
"MP8",43,"SLIT2"
"MP8",44,"TMTC1"
"MP8",45,"WFDC2"
"MP8",46,"ABCG2"
"MP8",47,"ADIRF"
"MP8",48,"ADM"
"MP8",49,"AGR2"
"MP8",50,"ATP1B1"
"MP9",1,"ACTA2"
"MP9",2,"MYL9"
"MP9",3,"PERP"
"MP9",4,"TAGLN"
"MP9",5,"TPM1"
"MP9",6,"TPM2"
"MP9",7,"TPM4"
"MP9",8,"ACTG2"
"MP9",9,"CALD1"
"MP9",10,"CSRP1"
"MP9",11,"CTGF"
"MP9",12,"GLIPR1"
"MP9",13,"APOD"
"MP9",14,"NPW"
"MP9",15,"PDLIM7"
"MP9",16,"APOC1"
"MP9",17,"GPX4"
"MP9",18,"LGALS1"
"MP9",19,"ACTB"
"MP9",20,"CNN1"
"MP9",21,"CRIM1"
"MP9",22,"GBP2"
"MP9",23,"LBH"
"MP9",24,"MYL12A"
"MP9",25,"PDLIM5"
"MP9",26,"RPL5"
"MP9",27,"VCL"
"MP9",28,"WDR1"
"MP9",29,"FLNA"
"MP9",30,"ITGAV"
"MP9",31,"MGP"
"MP9",32,"SLC25A6"
"MP9",33,"ALCAM"
"MP9",34,"ASS1"
"MP9",35,"CCDC3"
"MP9",36,"CPE"
"MP9",37,"FDPS"
"MP9",38,"HCFC1R1"
"MP9",39,"HSPB1"
"MP9",40,"OGN"
"MP9",41,"PPP1R12B"
"MP9",42,"RPL10A"
"MP9",43,"RPL17"
"MP9",44,"RPL18A"
"MP9",45,"RPL8"
"MP9",46,"RPS10"
"MP9",47,"RPS2"
"MP9",48,"RPS5"
"MP9",49,"RPSA"
"MP9",50,"SLC26A2"
"MP10",1,"APOE"
"MP10",2,"OGN"
"MP10",3,"PTN"
"MP10",4,"SPARCL1"
"MP10",5,"IGFBP2"
"MP10",6,"IGFBP6"
"MP10",7,"CLU"
"MP10",8,"CLDN11"
"MP10",9,"APOD"
"MP10",10,"GJB2"
"MP10",11,"PTGDS"
"MP10",12,"CLEC3B"
"MP10",13,"CRABP1"
"MP10",14,"ITM2A"
"MP10",15,"ATP1A2"
"MP10",16,"IFI27"
"MP10",17,"ISLR"
"MP10",18,"MGP"
"MP10",19,"PLTP"
"MP10",20,"RAMP2"
"MP10",21,"TPM1"
"MP10",22,"CCND1"
"MP10",23,"CRABP2"
"MP10",24,"EDN3"
"MP10",25,"SPARC"
"MP10",26,"TNNT1"
"MP10",27,"CTSK"
"MP10",28,"ID3"
"MP10",29,"TAGLN"
"MP10",30,"TIMP1"
"MP10",31,"CST3"
"MP10",32,"CTSC"
"MP10",33,"CTSL"
"MP10",34,"PITX1"
"MP10",35,"RDH10"
"MP10",36,"TFF3"
"MP10",37,"VIM"
"MP10",38,"COLEC12"
"MP10",39,"FABP5"
"MP10",40,"FN1"
"MP10",41,"GSN"
"MP10",42,"GUCY1A1"
"MP10",43,"NPW"
"MP10",44,"RBP1"
"MP10",45,"S100A6"
"MP10",46,"AKAP12"
"MP10",47,"HERPUD1"
"MP10",48,"PCOLCE"
"MP10",49,"SFRP2"
"MP10",50,"APLP2"
"MP11",1,"TNNT2"
"MP11",2,"TNNC1"
"MP11",3,"APOE"
"MP11",4,"NOV"
"MP11",5,"TAGLN"
"MP11",6,"ADIRF"
"MP11",7,"IFI27"
"MP11",8,"OMD"
"MP11",9,"SLC47A1"
"MP11",10,"WNT6"
"MP11",11,"CRABP2"
"MP11",12,"FGL2"
"MP11",13,"MYL9"
"MP11",14,"SLC26A2"
"MP11",15,"SLC4A4"
"MP11",16,"CLDN11"
"MP11",17,"FAM107A"
"MP11",18,"ID1"
"MP11",19,"CCND1"
"MP11",20,"EPHX1"
"MP11",21,"MGP"
"MP11",22,"SPARCL1"
"MP11",23,"LEPR"
"MP11",24,"OGN"
"MP11",25,"SLPI"
"MP11",26,"IGFBP6"
"MP11",27,"ASS1"
"MP11",28,"CRABP1"
"MP11",29,"IGFBP5"
"MP11",30,"TXNIP"
"MP11",31,"CAV1"
"MP11",32,"DCN"
"MP11",33,"FXYD5"
"MP11",34,"RPL22L1"
"MP11",35,"SFRP2"
"MP11",36,"TMEM205"
"MP11",37,"AL359555.4"
"MP11",38,"ALLC"
"MP11",39,"C1orf21"
"MP11",40,"CALD1"
"MP11",41,"FABP5"
"MP11",42,"HOPX"
"MP11",43,"MEST"
"MP11",44,"NPNT"
"MP11",45,"NPW"
"MP11",46,"PTGDS"
"MP11",47,"SCG5"
"MP11",48,"ASPN"
"MP11",49,"CLTB"
"MP11",50,"GSN"
"MP12",1,"BAX"
"MP12",2,"BBC3"
"MP12",3,"BTG3"
"MP12",4,"CDKN1A"
"MP12",5,"DDB2"
"MP12",6,"FDXR"
"MP12",7,"GADD45A"
"MP12",8,"GDF15"
"MP12",9,"H1FX"
"MP12",10,"MDM2"
"MP12",11,"MEST"
"MP12",12,"MMP2"
"MP12",13,"NUPR1"
"MP12",14,"PGF"
"MP12",15,"PHLDA3"
"MP12",16,"NINJ1"
"MP12",17,"AEN"
"MP12",18,"CAVIN2"
"MP12",19,"HSPA1A"
"MP12",20,"HSPA1B"
"MP12",21,"NEAT1"
"MP12",22,"PTN"
"MP12",23,"PTP4A1"
"MP12",24,"ACTA2"
"MP12",25,"ATF3"
"MP12",26,"CLDN11"
"MP12",27,"EDA2R"
"MP12",28,"FTL"
"MP12",29,"H1F0"
"MP12",30,"MFAP4"
"MP12",31,"RPS27L"
"MP12",32,"SOX4"
"MP12",33,"BGN"
"MP12",34,"HSP90B1"
"MP12",35,"LGALS1"
"MP12",36,"LMNA"
"MP12",37,"PCNA"
"MP12",38,"THUMPD3-AS1"
"MP12",39,"TYMS"
"MP12",40,"AC104126.1"
"MP12",41,"ANKRD37"
"MP12",42,"BTG1"
"MP12",43,"CHMP1B"
"MP12",44,"CSKMT"
"MP12",45,"CTGF"
"MP12",46,"CYR61"
"MP12",47,"DNAJB1"
"MP12",48,"FAM43A"
"MP12",49,"FN1"
"MP12",50,"HIST1H1C"
