"ensembl","symbol","direction","program_rank","baseMean","log2FoldChange","stat","pvalue","padj","scrna_grade_rho","scrna_grade_p","scrna_grade_fdr","scrna_mean_count_tumor","scrna_mean_count_other","scrna_pct_tumor","scrna_pct_other","scrna_tumor_specificity_log2","aligned_scrna_grade","recovered_GSE16581","recovered_GSE74385","discovery_strength","internal_evidence_score"
"ENSG00000186867","QRFPR","down_in_WHO_II_vs_I",1,466.787499568497,-4.40947250211732,-8.38846719761934,4.92521446931264e-17,4.4583152049798e-13,-0.647435897435897,0.00669951160508864,0.024995512804913,0.0588842254974413,0.00566283358646127,0.0374945968180487,0.00465393794749403,2.13612152205877,TRUE,TRUE,TRUE,1,7
"ENSG00000186766","FOXI2","down_in_WHO_II_vs_I",2,74.0956698950203,-3.58712802254891,-8.11634738818808,4.80424202575032e-16,3.17980769079349e-12,-0.661724102537295,0.00523750884211578,0.0213529206640105,0.0101928413068031,0.00124755912345411,0.00927255741316564,0.00113907572141462,0.849797892311428,TRUE,TRUE,TRUE,0.994974874371859,6.98994974874372
"ENSG00000260852","FBXL19-AS1","up_in_WHO_II_vs_I",5,185.924069512936,1.19621821544544,7.01759702547085,2.2571641427542e-12,2.3903368271767e-09,0.90118386189566,1.89315170592045e-06,0.000301011121241352,0.018907650905643,0.00515296159687568,0.0178897611444985,0.00496853981340855,0.931851585959554,TRUE,TRUE,TRUE,0.979899497487437,6.95979899497487
"ENSG00000162551","ALPL","down_in_WHO_II_vs_I",7,6197.45869179918,-2.68458688610033,-7.38954838157923,1.4732835320692e-13,2.4929481301007e-10,-0.728616739405002,0.00136774529405623,0.00805450006499778,0.246761576753071,0.0256780212627468,0.145363024108649,0.0164786287697982,2.84732181626964,TRUE,TRUE,TRUE,0.969849246231156,6.93969849246231
"ENSG00000124102","PI3","up_in_WHO_II_vs_I",9,43.2579560550709,3.05005967983503,6.78820983333585,1.13533445891165e-11,7.70717430761181e-09,0.85644423754623,2.28523625339058e-05,0.000908381410722755,0.706513100101789,0.0640702972445216,0.0570297140148082,0.011661965719245,3.27402604983933,TRUE,TRUE,TRUE,0.959798994974874,6.91959798994975
"ENSG00000114270","COL7A1","up_in_WHO_II_vs_I",10,571.084336792746,1.85826567808596,6.58140421519403,4.66025696539056e-11,2.57042298247323e-08,0.613571991077896,0.0114735895917257,0.0380062655225915,0.0437413723384971,0.00459969624647429,0.0337297990713499,0.00405727923627685,1.88009480897939,TRUE,TRUE,TRUE,0.954773869346734,6.90954773869347
"ENSG00000100234","TIMP3","down_in_WHO_II_vs_I",13,46409.4706465232,-1.98131702472711,-6.98004164182241,2.95092583922304e-12,2.87017520588776e-09,-0.562440991821405,0.0233338384540527,0.070001515362158,2.2674400769692,0.324300282056845,0.500578663357363,0.0719136472119766,2.76819661764735,TRUE,TRUE,TRUE,0.939698492462312,6.87939698492462
"ENSG00000235387","SPAAR","up_in_WHO_II_vs_I",14,48.5435833413401,1.7247500585894,6.32486161111703,2.53459632147848e-10,9.44092114424406e-08,0.67748574014851,0.00393303032941052,0.0164566269046388,0.0144874994771114,0.00373182903015839,0.0120752401801525,0.00295074853547407,0.835024428723518,TRUE,TRUE,TRUE,0.934673366834171,6.86934673366834
"ENSG00000239672","NME1","up_in_WHO_II_vs_I",17,278.82622307116,1.05339622697043,6.29758104751912,3.02326296601244e-10,1.06258575614833e-07,0.67748574014851,0.00393303032941052,0.0164566269046388,1.60346919140511,0.238696029507485,0.544724402861246,0.156487307441961,2.69771065048735,TRUE,TRUE,TRUE,0.919597989949749,6.8391959798995
"ENSG00000175920","DOK7","up_in_WHO_II_vs_I",19,5.71529223674963,3.03532639408069,6.15842679096915,7.34711339098563e-10,2.00521719663963e-07,0.744843022614591,0.000931596346572783,0.0059249527642029,0.00105972084721893,0.000499023649381645,0.000934227588995636,0.000499023649381645,0.0679609907713489,TRUE,TRUE,TRUE,0.909547738693467,6.81909547738693
"ENSG00000122121","XPNPEP2","down_in_WHO_II_vs_I",19,295.797960096581,-3.41519860230266,-6.6374714444941,3.19109755045308e-11,1.83661538365751e-08,-0.639137490706142,0.00768715583484831,0.0271612839497974,0.0145153868678277,0.00128010414406596,0.0136648214509809,0.00123671078325016,1.11990714087038,TRUE,TRUE,TRUE,0.909547738693467,6.81909547738693
"ENSG00000204991","SPIRE2","up_in_WHO_II_vs_I",21,223.87018897531,1.19902071352789,6.08505324248577,1.16452605363326e-09,2.90856861037176e-07,0.549658242007282,0.0274095683524968,0.0792385703281273,0.0479523683366566,0.00448036450423085,0.0434903858220506,0.00432848774137557,2.00076970213986,TRUE,TRUE,TRUE,0.899497487437186,6.79899497487437
"ENSG00000069011","PITX1","up_in_WHO_II_vs_I",22,75.6066911547605,3.38853121134392,6.04052202969978,1.53616408095508e-09,3.63124500386479e-07,0.85644423754623,2.28523625339058e-05,0.000908381410722755,0.651770152125716,0.018225211542634,0.190345385334021,0.00796268170969842,4.55130432194122,TRUE,TRUE,TRUE,0.894472361809045,6.78894472361809
"ENSG00000138180","CEP55","up_in_WHO_II_vs_I",23,85.4324776064463,1.28368392716333,6.01976531486391,1.74670134347052e-09,3.95247162977625e-07,0.658311615427326,0.00556093093728412,0.0215655614397116,0.0834251293277744,0.00610761553482317,0.0368950179176485,0.0049576914732046,2.53606771292946,TRUE,TRUE,TRUE,0.889447236180904,6.77889447236181
"ENSG00000169618","PROKR1","down_in_WHO_II_vs_I",24,97.6555589881043,-3.46787999471277,-6.40827146815758,1.47178680309152e-10,6.49425926864135e-08,-0.826923076923077,7.78998014357662e-05,0.00112600622075335,0.00249592146910774,5.4241701019744e-05,0.0024819777737496,5.4241701019744e-05,0.321679870477429,TRUE,TRUE,TRUE,0.884422110552764,6.76884422110553
"ENSG00000240498","CDKN2B-AS1","up_in_WHO_II_vs_I",24,13.6198368909471,1.50663979239317,6.02087938292549,1.73471996140002e-09,3.95247162977625e-07,0.543266867100221,0.0296411162596969,0.0841595979516393,0.0104298841278916,0.00717075287481015,0.00971875566462624,0.00705142113256672,0.248905909012661,TRUE,TRUE,TRUE,0.884422110552764,6.76884422110553
"ENSG00000091622","PITPNM3","down_in_WHO_II_vs_I",26,379.722115882782,-1.97781893697457,-6.36974738052094,1.89339798145355e-10,7.71195562445887e-08,-0.658311615427326,0.00556093093728412,0.0215655614397116,0.0184614526541824,0.00215881970058581,0.0172204637673076,0.00209372965936212,1.22700610987359,TRUE,TRUE,TRUE,0.874371859296482,6.74874371859296
"ENSG00000109339","MAPK10","down_in_WHO_II_vs_I",30,950.805536040135,-1.02102529399407,-6.22490256879093,4.81855359790648e-10,1.44967280118834e-07,-0.830878737917985,6.70022424070622e-05,0.00106533565427229,0.28560871202086,0.0232262963766544,0.21424487917788,0.0213278368409633,3.15329139369484,TRUE,TRUE,TRUE,0.85427135678392,6.70854271356784
"ENSG00000143194","MAEL","down_in_WHO_II_vs_I",36,85.2212363138125,-2.74911018182555,-6.08053214611577,1.1978433338597e-09,2.96382264148929e-07,-0.626815804436891,0.00936317949512351,0.0323640334722748,0.00860326003597473,0.000705142113256672,0.00803156852629084,0.000694293773052723,0.794330485852249,TRUE,TRUE,TRUE,0.824120603015075,6.64824120603015
"ENSG00000183347","GBP6","down_in_WHO_II_vs_I",40,14.55720783737,-2.448701383315,-6.02108753377393,1.73249027395646e-09,3.95247162977625e-07,-0.734034038821943,0.00120674970792126,0.00737973859844156,0.00260747103197289,0.000379691907138208,0.00249592146910774,0.000292905185506617,0.281125074153417,TRUE,TRUE,TRUE,0.804020100502513,6.60804020100503
"ENSG00000160870","CYP3A7","down_in_WHO_II_vs_I",41,57.3355695760507,-3.77144545376328,-6.01402209157739,1.80975830999009e-09,4.05033020125147e-07,-0.705468061066683,0.00226534979277286,0.0112559567828401,0.00206366691300528,3.25450206118464e-05,0.00117127041008408,3.25450206118464e-05,0.279259793551251,TRUE,TRUE,TRUE,0.798994974874372,6.59798994974874
"ENSG00000123975","CKS2","up_in_WHO_II_vs_I",43,118.829127351682,1.12340705003604,5.44898198874015,5.06589426608752e-08,5.58831461227779e-06,0.830878737917985,6.70022424070621e-05,0.00106533565427229,1.03296289582665,0.828227381210675,0.276182773958755,0.343143848991104,0.315274279963932,TRUE,TRUE,TRUE,0.78894472361809,6.57788944723618
"ENSG00000183856","IQGAP3","up_in_WHO_II_vs_I",46,128.825766240996,1.29799362650059,5.3698921770476,7.87837316051664e-08,7.76378058354531e-06,0.798921863382678,0.000205553125629137,0.00233449621250234,0.0423470028026828,0.00415491429811239,0.024526960134975,0.00372098068995444,1.88608290248082,TRUE,TRUE,TRUE,0.773869346733668,6.54773869346734
"ENSG00000172348","RCAN2","down_in_WHO_II_vs_I",50,975.024342506723,-1.3208570870253,-5.79849017437249,6.69146228778175e-09,1.1249904668985e-06,-0.645528865613203,0.00691699725418977,0.024995512804913,0.0765090564301351,0.034107181601215,0.0632346584491822,0.0218811021913647,0.971837596212708,TRUE,TRUE,TRUE,0.753768844221105,6.50753768844221
"ENSG00000121743","GJA3","up_in_WHO_II_vs_I",51,182.936451205919,2.35393323287143,5.31516570781491,1.06560309292292e-07,9.80937121885782e-06,0.588006491449651,0.0165922799092094,0.0517288726581234,0.0115593234519012,0.000705142113256672,0.0105832647768312,0.000672597092644825,1.01187290524107,TRUE,TRUE,TRUE,0.748743718592965,6.49748743718593
"ENSG00000186732","MPPED1","down_in_WHO_II_vs_I",53,527.591429715131,-1.93271806276011,-5.77386194701074,7.74749212632244e-09,1.24312032754174e-06,-0.536875492193159,0.0320085466616472,0.0892869985824896,0.0395164326449796,0.000976350618355392,0.034998675348941,0.000943805597743545,2.17432119893732,TRUE,TRUE,TRUE,0.738693467336683,6.47738693467337
"ENSG00000134343","ANO3","down_in_WHO_II_vs_I",54,119.701580208602,-2.60942697806214,-5.76817272747993,8.01356509014907e-09,1.27041398659699e-06,-0.694161558544025,0.00285121321405944,0.0133336147363368,0.00294211972056834,0.000238663484486874,0.00278873907162876,0.000238663484486874,0.339648064830928,TRUE,TRUE,TRUE,0.733668341708543,6.46733668341709
"ENSG00000125355","TMEM255A","up_in_WHO_II_vs_I",54,40.756500448642,1.83537790596488,5.25903184655971,1.4481581101017e-07,1.24077624482015e-05,0.779747738661493,0.000368091219180568,0.0034427355205712,0.00889607763849575,0.00388370579301367,0.00808734330772341,0.003601648947711,0.444694098749783,TRUE,TRUE,TRUE,0.733668341708543,6.46733668341709
"ENSG00000135451","TROAP","up_in_WHO_II_vs_I",61,54.9246192806164,1.35905350077665,5.09103552564658,3.56113291079375e-07,2.53443531756087e-05,0.773356363754432,0.00044149062111059,0.00350985043782919,0.0904109207022045,0.00427424604035583,0.0380244572416582,0.00335213712302018,2.81442973531428,TRUE,TRUE,TRUE,0.698492462311558,6.39698492462312
"ENSG00000154548","SRSF12","down_in_WHO_II_vs_I",62,411.487927970292,-1.09249190948684,-5.69711262927163,1.21853433818971e-08,1.76287959582364e-06,-0.645528865613203,0.00691699725418977,0.024995512804913,0.0903412022254138,0.006780212627468,0.0803156852629084,0.00649815578216533,2.58008122692763,TRUE,TRUE,TRUE,0.693467336683417,6.38693467336683
"ENSG00000072571","HMMR","up_in_WHO_II_vs_I",64,114.674025055303,1.18388423189648,5.00397374027759,5.61604107457049e-07,3.55971572851503e-05,0.8117046131968,0.000134599877230735,0.00178344837330724,0.1379170907874,0.00726838793664569,0.0418031986837152,0.00567368192666522,3.09858344168418,TRUE,TRUE,TRUE,0.683417085427136,6.36683417085427
"ENSG00000156804","FBXO32","down_in_WHO_II_vs_I",64,6938.37701469734,-2.02943832416344,-5.68287417716125,1.32449714471125e-08,1.87322647461219e-06,-0.72222536449794,0.00157978288029435,0.00897090992738579,0.59510297419022,0.0752657843349967,0.255908640908013,0.0577891082664352,2.82714184125092,TRUE,TRUE,TRUE,0.683417085427136,6.36683417085427
"ENSG00000106541","AGR2","up_in_WHO_II_vs_I",65,778.139867047352,3.15884292537443,5.00143484813561,5.69051979443734e-07,3.58705979899354e-05,0.690268489962633,0.00307915136316501,0.0139881447640925,2.31208778950597,0.0257431113039705,0.170405900971876,0.0115209372965936,6.02119300715633,TRUE,TRUE,TRUE,0.678391959798995,6.35678391959799
"ENSG00000123096","SSPN","down_in_WHO_II_vs_I",65,855.907845219222,-1.11391864859703,-5.6278677360158,1.82450899492436e-08,2.45197338277272e-06,-0.747790864126186,0.000866238764968336,0.00573883181791523,0.473318738932192,0.0886309394662617,0.248211721070318,0.0717617704491213,2.29286275047131,TRUE,TRUE,TRUE,0.678391959798995,6.35678391959799
"ENSG00000081148","IMPG2","down_in_WHO_II_vs_I",67,148.36064283995,-1.63728389609282,-5.60380540010476,2.096961304838e-08,2.7483688388904e-06,-0.683877115055572,0.00348507645538729,0.0153924210112939,0.014445668391037,0.0013126491646778,0.0134556660206088,0.00122586244304621,1.11328691171981,TRUE,TRUE,TRUE,0.668341708542714,6.33668341708543
"ENSG00000144354","CDCA7","up_in_WHO_II_vs_I",71,68.045109594068,1.72000411029798,4.91840261323469,8.72533078144319e-07,5.00006780170365e-05,0.805313238289739,0.000166968369683423,0.00204215159843572,0.0482172985484613,0.0089824256888696,0.0361141709775925,0.00761553482317206,1.616783535364,TRUE,TRUE,TRUE,0.648241206030151,6.2964824120603
"ENSG00000076864","RAP1GAP","down_in_WHO_II_vs_I",72,263.394214327408,-1.65327227089995,-5.54749230639852,2.89795908162968e-08,3.47165007629619e-06,-0.594397866356712,0.0151721995413497,0.0482475945414921,0.0168439839926377,0.000650900412236928,0.015895812708284,0.00062920373182903,1.33290390313935,TRUE,TRUE,TRUE,0.64321608040201,6.28643216080402
"ENSG00000160957","RECQL4","up_in_WHO_II_vs_I",77,102.973161689556,1.0036316471316,4.83451760907569,1.33468890634833e-06,6.90154078038516e-05,0.709442614683818,0.0020842763086994,0.0106903204220389,0.0209155430372157,0.00308092861792146,0.0181965224423777,0.00289650683445433,1.24086738532426,TRUE,TRUE,TRUE,0.618090452261307,6.23618090452261
"ENSG00000143228","NUF2","up_in_WHO_II_vs_I",78,70.636353394459,1.14632482166363,4.82638643780213,1.39032612261389e-06,7.11970678843381e-05,0.85644423754623,2.28523625339058e-05,0.000908381410722755,0.173808162639263,0.00636797569971794,0.0491794135281732,0.00532653504013886,3.48925302247782,TRUE,TRUE,TRUE,0.613065326633166,6.22613065326633
"ENSG00000143476","DTL","up_in_WHO_II_vs_I",81,137.789472822283,1.27677461808394,4.80942769310909,1.51363035420698e-06,7.47637381112496e-05,0.76696498884737,0.000526558925222426,0.00380558495956208,0.0372993850830347,0.00329789542200043,0.0247640029560634,0.00280972011282274,1.83062349077203,TRUE,TRUE,TRUE,0.597989949748744,6.19597989949749
"ENSG00000156219","ART3","down_in_WHO_II_vs_I",82,30.7503626247997,-1.60172099068414,-5.39706611801362,6.77394305283181e-08,7.03294675779303e-06,-0.696659864869695,0.00271226265152388,0.013068174593706,0.00513127989179692,0.000325450206118464,0.00495001185214105,0.000303753525710566,0.54944570737705,TRUE,TRUE,TRUE,0.592964824120603,6.18592964824121
"ENSG00000163462","TRIM46","up_in_WHO_II_vs_I",83,85.4104099659613,1.2230267087238,4.79238868024133,1.64807220795689e-06,7.96712536653198e-05,0.568832366728466,0.0214796119708277,0.0656780442954155,0.0179734233166474,0.0022889997830332,0.0171089142044425,0.00223475808201345,1.18668932023433,TRUE,TRUE,TRUE,0.587939698492462,6.17587939698492
"ENSG00000154920","EME1","up_in_WHO_II_vs_I",84,45.4921008837302,1.00518045455269,4.78460705848563,1.71322162662804e-06,8.21694611684373e-05,0.830878737917985,6.70022424070621e-05,0.00106533565427229,0.0139855264442182,0.00284226513343458,0.0121728460476596,0.00275547841180299,0.900884681404763,TRUE,TRUE,TRUE,0.582914572864322,6.16582914572864
"ENSG00000071539","TRIP13","up_in_WHO_II_vs_I",86,77.6158119004068,1.00366367974164,4.77167252944345,1.82702382495034e-06,8.63758138670717e-05,0.619963365984958,0.0104129160610913,0.0352266734832665,0.0301741567550232,0.00596658711217184,0.0232999149434583,0.00548926014319809,1.33121177548686,TRUE,TRUE,TRUE,0.57286432160804,6.14572864321608
"ENSG00000100003","SEC14L2","down_in_WHO_II_vs_I",87,686.113940589433,-1.43334551751268,-5.37530803904386,7.64518643258724e-08,7.60925980461456e-06,-0.709442614683818,0.0020842763086994,0.0106903204220389,0.156755023216253,0.0129529182035149,0.115704784081877,0.0116294206986331,2.86098072809746,TRUE,TRUE,TRUE,0.5678391959799,6.1356783919598
"ENSG00000095587","TLL2","down_in_WHO_II_vs_I",89,114.008930677542,-1.82296053749094,-5.33534253865177,9.53643555188283e-08,8.99694041439257e-06,-0.600789241263774,0.0138487728674097,0.0449378548146559,0.0206924439114854,0.00101974397917119,0.0186845517799127,0.00098719895855934,1.47702853658023,TRUE,TRUE,TRUE,0.557788944723618,6.11557788944724
"ENSG00000117298","ECE1","down_in_WHO_II_vs_I",90,4487.13318257182,-1.25982077674181,-5.33601680819105,9.50105982920236e-08,8.99694041439257e-06,-0.747790864126186,0.000866238764968336,0.00573883181791523,0.334913618807256,0.106064222174007,0.218190944964234,0.0728466044695162,1.57131177709851,TRUE,TRUE,TRUE,0.552763819095477,6.10552763819095
"ENSG00000162073","PAQR4","up_in_WHO_II_vs_I",92,134.541717332341,1.10035043515795,4.71217950487864,2.4508134472475e-06,0.000107719571990598,0.773356363754432,0.00044149062111059,0.00350985043782919,0.035389098818969,0.0137339986981992,0.0254890751146869,0.0128986765024951,0.935390658559082,TRUE,TRUE,TRUE,0.542713567839196,6.08542713567839
"ENSG00000166803","PCLAF","up_in_WHO_II_vs_I",94,81.4206939154184,1.30316734553184,4.68746752903151,2.76606571185053e-06,0.000117626556716129,0.837270112825046,5.20925676329948e-05,0.00106533565427229,0.470725211595577,0.0251789976133652,0.0920562767544655,0.0140486005641137,3.77242618697851,TRUE,TRUE,TRUE,0.532663316582915,6.06532663316583
"ENSG00000156509","FBXO43","up_in_WHO_II_vs_I",98,16.5370924094863,1.03988347494683,4.67202850460412,2.98239557280138e-06,0.000122607022965709,0.773356363754432,0.00044149062111059,0.00350985043782919,0.0137903147092042,0.000726838793664569,0.0103880530418171,0.000661748752440877,1.14999470845252,TRUE,TRUE,TRUE,0.512562814070352,6.0251256281407
"ENSG00000101448","EPPIN","up_in_WHO_II_vs_I",3,93.5456117200761,3.02240959378686,7.6377156526735,2.21109500834974e-14,6.50430448289548e-11,-0.532051282051282,0.0338885778085624,0.0929014460614037,0.0176945494094845,0.000379691907138208,0.0153101775032419,0.000347146886526361,1.41583844417217,FALSE,TRUE,TRUE,0.989949748743719,5.97989949748744
"ENSG00000143195","ILDR2","down_in_WHO_II_vs_I",4,430.077009866995,-3.82075203136673,-7.65255713951413,1.97021514717326e-14,6.50430448289548e-11,-0.434613493680177,0.0925195033999326,0.1910467667609,0.0667624133747926,0.00420915599913213,0.0470878592244517,0.00353655890648731,2.43357920653621,TRUE,TRUE,TRUE,0.984924623115578,5.96984924623116
"ENSG00000070193","FGF10","down_in_WHO_II_vs_I",6,61.2494976699353,-4.28404988567948,-7.38657449558313,1.50659754793621e-13,2.4929481301007e-10,-0.12974982402692,0.631986714375739,0.744339908042538,0.00331859949523823,0.000401388587546105,0.00294211972056834,0.000282056845302669,0.364198579182362,TRUE,TRUE,TRUE,0.974874371859296,5.94974874371859
"ENSG00000127561","SYNGR3","up_in_WHO_II_vs_I",7,22.8350744862913,2.68856847104397,6.85274680435911,7.24452468248331e-12,5.477835777283e-09,0.479353118029607,0.060275202500962,0.136910817109328,0.0117963662729897,0.00622694727706661,0.0107366454257707,0.00592319375135604,0.425696023855691,TRUE,TRUE,TRUE,0.969849246231156,5.93969849246231
"ENSG00000149927","DOC2A","up_in_WHO_II_vs_I",8,52.271513951877,1.4693917635174,6.85006475764723,7.38165657017422e-12,5.477835777283e-09,0.300394620631887,0.258279786779913,0.414812990888951,0.0188518761242104,0.0121284443480148,0.0171507452905169,0.0116402690388371,0.382763102928977,TRUE,TRUE,TRUE,0.964824120603015,5.92964824120603
"ENSG00000248485","PCP4L1","down_in_WHO_II_vs_I",9,32.6851288321115,-3.73253504076749,-7.40534455399817,1.30810385166519e-13,2.4929481301007e-10,-0.166175747583597,0.53849877497565,0.668916447040066,0.0391260091749515,0.00229984812323714,0.031219933906884,0.00201779127793448,1.99739340459745,TRUE,TRUE,TRUE,0.959798994974874,5.91959798994975
"ENSG00000145242","EPHA5","down_in_WHO_II_vs_I",10,126.983052176916,-4.36004602369183,-7.22772611291797,4.91147973592678e-13,6.84375926361376e-10,-0.256410256410256,0.337759578008483,0.504095680638018,0.0347895199185688,0.00139943588630939,0.0292538728613857,0.00126925580386201,1.97372446209097,TRUE,TRUE,TRUE,0.954773869346734,5.90954773869347
"ENSG00000163661","PTX3","up_in_WHO_II_vs_I",11,65.2270822395634,2.66184565143786,6.47019615650135,9.78757755996832e-11,4.62725206964574e-08,0.837270112825046,5.20925676329948e-05,0.00106533565427229,0.0481196926809543,0.0751789976133652,0.0178758174491404,0.0166955955738772,-0.551470677886064,TRUE,TRUE,TRUE,0.949748743718593,5.89949748743719
"ENSG00000144290","SLC4A10","down_in_WHO_II_vs_I",11,494.190295052978,-4.04447106128401,-7.06495852716546,1.60663970497134e-12,1.7723244245465e-09,-0.076696498884737,0.777701446205708,0.864716992634319,0.0233278023341746,0.007203297895422,0.0172483511580239,0.00560859188544153,0.954041029925522,TRUE,TRUE,TRUE,0.949748743718593,5.89949748743719
"ENSG00000117600","PLPPR4","down_in_WHO_II_vs_I",12,722.089694484535,-2.90999524507441,-7.00505314068227,2.46892107014738e-12,2.51402635892892e-09,-0.159784372676536,0.554446233414806,0.683387217929877,0.0156587698871955,0.00212627467997396,0.0127863686434179,0.0017791277934476,1.0795203831547,TRUE,TRUE,TRUE,0.944723618090452,5.8894472361809
"ENSG00000070759","TESK2","down_in_WHO_II_vs_I",14,237.561325642321,-1.31039573187245,-6.84630441212116,7.57821339983014e-12,5.477835777283e-09,-0.166175747583597,0.53849877497565,0.668916447040066,0.0364348759708298,0.0326535040138859,0.0334230377734707,0.0290410067259709,0.122544516659455,TRUE,TRUE,TRUE,0.934673366834171,5.86934673366834
"ENSG00000132517","SLC52A1","up_in_WHO_II_vs_I",15,6.27206703005353,2.25657117658965,6.29217095586588,3.13056426740585e-10,1.06258575614833e-07,0.0384615384615385,0.887539998826321,0.940792398755901,0.00153380648939582,0.000965502278151443,0.00129676366830737,0.000932957257539596,0.0717881657650032,TRUE,TRUE,TRUE,0.92964824120603,5.85929648241206
"ENSG00000171551","ECEL1","down_in_WHO_II_vs_I",16,1715.58850713187,-4.14227449554433,-6.81191197371002,9.63100354816898e-12,6.71002155099404e-09,-0.0191741247211843,0.943810955352955,0.962525335814228,2.60331581075617,0.0690279887177262,0.266617398943068,0.0212735951399436,5.04737397831102,TRUE,TRUE,TRUE,0.92462311557789,5.84924623115578
"ENSG00000085563","ABCB1","down_in_WHO_II_vs_I",17,5955.57622760047,-2.54436417256755,-6.76223698356667,1.35877203881426e-11,8.99337243190187e-09,-0.153392997769474,0.570595508606364,0.687308226275847,0.47994199422731,0.0535257105662834,0.229806043197568,0.0394879583423736,2.94719844140318,TRUE,TRUE,TRUE,0.919597989949749,5.8391959798995
"ENSG00000177103","DSCAML1","down_in_WHO_II_vs_I",20,34.4027562757312,-2.8631123606233,-6.60738142611269,3.91177264856188e-11,2.20349321001438e-08,-0.0159901990927778,0.953130837993068,0.962525335814228,0.00330465579988008,0.000433933608157952,0.00308155667414978,0.000412236927750054,0.349148813243751,TRUE,TRUE,TRUE,0.904522613065327,5.80904522613065
"ENSG00000134240","HMGCS2","down_in_WHO_II_vs_I",22,4.33493541232518,-4.11721340002313,-6.47284354401972,9.61755258565873e-11,4.62725206964574e-08,-0.208221446465256,0.439010806295009,0.596604429067577,0.000237042821088445,0,0.000209155430372157,0,0.0404642861502608,TRUE,TRUE,TRUE,0.894472361809045,5.78894472361809
"ENSG00000167588","GPD1","down_in_WHO_II_vs_I",23,70.2130608137238,-2.05067389339132,-6.46638297506686,1.00376494212536e-10,4.66222400750334e-08,-0.377091119516624,0.149921921134647,0.273995235177113,0.00836621721488629,0.000596658711217184,0.00638621247402987,0.000423085267954003,0.794539964193577,TRUE,TRUE,TRUE,0.889447236180904,5.77889447236181
"ENSG00000163923","RPL39L","up_in_WHO_II_vs_I",25,104.974077387658,1.20024719756264,6.00064354349552,1.96537017932181e-09,4.26501438504468e-07,0.294003245724825,0.26904154758554,0.419388294765695,0.274997559853312,0.0454220004339336,0.178088877114213,0.0417227164243871,2.36241887664149,TRUE,TRUE,TRUE,0.879396984924623,5.75879396984925
"ENSG00000178826","TMEM139","up_in_WHO_II_vs_I",26,6.4287483244515,1.83991589655207,5.97613602749866,2.28492232104935e-09,4.76325342124265e-07,0.447396243494299,0.0822775499489788,0.172133295287995,0.00143620062188881,0.000303753525710566,0.00136648214509809,0.000303753525710566,0.147403147252674,TRUE,TRUE,TRUE,0.874371859296482,5.74874371859296
"ENSG00000138411","HECW2","down_in_WHO_II_vs_I",28,585.872644462951,-1.57562793788303,-6.27598876361946,3.47419273850616e-10,1.1353242621836e-07,-0.389873869330747,0.135486672513337,0.253439775642594,0.039558263731054,0.0265784334996746,0.0351381123025224,0.018431330006509,0.438132351829401,TRUE,TRUE,TRUE,0.864321608040201,5.7286432160804
"ENSG00000101057","MYBL2","up_in_WHO_II_vs_I",29,46.4855957628671,1.55909738262748,5.8574260252506,4.70096098904236e-09,8.46669137872353e-07,0.511309992564914,0.0429394685169523,0.113789591569924,0.0396977006846354,0.00620525059665871,0.020162583487876,0.00299414189628987,1.61671777501261,TRUE,TRUE,TRUE,0.85929648241206,5.71859296482412
"ENSG00000178623","GPR35","up_in_WHO_II_vs_I",30,34.5420351877488,1.03984325199393,5.83796506258955,5.2842234145737e-09,9.32665432672257e-07,0.792530488475616,0.000251257707106884,0.00266333169533297,0.0120891838755107,0.0660772401822521,0.00881241546634689,0.0458125406812758,-1.78412479446422,TRUE,TRUE,TRUE,0.85427135678392,5.70854271356784
"ENSG00000186575","NF2","down_in_WHO_II_vs_I",31,1055.98992614313,-1.30797957660429,-6.19258025635717,5.91871950871393e-10,1.72789060921163e-07,-0.479353118029607,0.0602752025009622,0.136910817109328,0.139409066190722,0.0534280755044478,0.114812387578956,0.0497504881753092,1.23607421940333,TRUE,TRUE,TRUE,0.849246231155779,5.69849246231156
"ENSG00000243910","TUBA4B","down_in_WHO_II_vs_I",32,18.9382115135532,-4.74997495704699,-6.19203823185942,5.93911408643092e-10,1.72789060921163e-07,-0.518436993714121,0.0396464849849315,0.106843917162782,0.0363093827126065,0.000922108917335648,0.0282638704909575,0.000835322195704057,2.08249261119168,TRUE,TRUE,TRUE,0.844221105527638,5.68844221105528
"ENSG00000197580","BCO2","up_in_WHO_II_vs_I",32,306.611468858022,1.47764404971297,5.70692959797289,1.15032333235842e-08,1.67334122110929e-06,0.147001622862413,0.586940525821862,0.701680778990046,0.178437469498166,0.0873399869819918,0.126009174951546,0.0664026903883706,0.952981376701214,TRUE,TRUE,TRUE,0.844221105527638,5.68844221105528
"ENSG00000163285","GABRG1","down_in_WHO_II_vs_I",34,144.171827690785,-3.36836511632533,-6.14773679782425,7.85963115936593e-10,2.1018559085274e-07,-0.334822544024044,0.204931454541977,0.354175013827981,0.00220310386658672,0.000770232154480365,0.00209155430372157,0.000694293773052723,0.183874278061145,TRUE,TRUE,TRUE,0.834170854271357,5.66834170854271
"ENSG00000105143","SLC1A6","up_in_WHO_II_vs_I",35,4.0861813768548,3.42709714126399,5.66558680910058,1.46522220304305e-08,2.03098208510811e-06,0.407232450170068,0.117452507617636,0.233436858890051,0.000223099125730301,1.08483402039488e-05,0.000209155430372157,1.08483402039488e-05,0.0279584794366264,TRUE,TRUE,TRUE,0.829145728643216,5.65829145728643
"ENSG00000198478","SH3BGRL2","down_in_WHO_II_vs_I",35,1368.71261263037,-1.2813140398051,-6.11808140299556,9.47086868237209e-10,2.41097354197886e-07,-0.0894792486988599,0.741743499886379,0.830543778041791,0.0740549660471018,0.0104469516164027,0.065632974050783,0.00903666738988935,2.03944728627673,TRUE,TRUE,TRUE,0.829145728643216,5.65829145728643
"ENSG00000185774","KCNIP4","down_in_WHO_II_vs_I",37,716.545166476665,-3.34475598515479,-6.06317760385392,1.33458151432941e-09,3.22101893951565e-07,-0.498527242750791,0.0493535227847598,0.124558890837727,0.0580057726898783,0.00193100455630289,0.03335331929668,0.0017574311130397,2.51153318650301,TRUE,TRUE,TRUE,0.819095477386935,5.63819095477387
"ENSG00000255571","MIR9-3HG","down_in_WHO_II_vs_I",38,41.8964008422544,-2.58368874014726,-6.06273156079921,1.33828926665428e-09,3.22101893951565e-07,-0.0255654996282457,0.925124085357829,0.962525335814228,0.00786424418199311,0.00619440225645476,0.00748776440732323,0.00603167715339553,0.139648080210058,TRUE,TRUE,TRUE,0.814070351758794,5.62814070351759
"ENSG00000213931","HBE1","up_in_WHO_II_vs_I",40,12.2716513460687,1.82750405925408,5.50360427621779,3.7210427125236e-08,4.35905335460453e-06,0.242872246468334,0.364744538766101,0.517283891383968,0.00257958364125661,0.000119331742243437,0.00246803407839146,0.000119331742243437,0.321987419462664,TRUE,TRUE,TRUE,0.804020100502513,5.60804020100503
"ENSG00000149201","CCDC81","down_in_WHO_II_vs_I",42,54.387863552029,-1.61216528858732,-5.98415267002157,2.17519218448655e-09,4.60705704674251e-07,-0.13421887304829,0.620192344802046,0.735899871817354,0.00454564468675488,0.000607507051421133,0.0042946581703083,0.000607507051421133,0.456883931637203,TRUE,TRUE,TRUE,0.793969849246231,5.58793969849246
"ENSG00000182836","PLCXD3","down_in_WHO_II_vs_I",44,152.474197976353,-2.9377194716547,-5.91255859992614,3.36833951108811e-09,6.55711680559247e-07,-0.246864237116176,0.356666232820426,0.511878975544992,0.02035779522289,0.00134519418528965,0.0159515874897165,0.00103059231937514,1.41310458402669,TRUE,TRUE,TRUE,0.78391959798995,5.5678391959799
"ENSG00000175600","SUGCT","up_in_WHO_II_vs_I",44,58.0799448648793,1.00205890599563,5.38496788092315,7.24575860664141e-08,7.26803218153943e-06,0.166175747583597,0.53849877497565,0.668916447040066,0.0284869696166878,0.00245172488609243,0.0262141472733104,0.00237578650466479,1.62802447410663,TRUE,TRUE,TRUE,0.78391959798995,5.5678391959799
"ENSG00000214491","SEC14L6","down_in_WHO_II_vs_I",45,136.786743167327,-1.6404273901236,-5.87731018224064,4.16986428106597e-09,7.829585591576e-07,-0.198132622118904,0.461984512735223,0.612129479374171,0.0159515874897165,0.000922108917335648,0.0151846842450186,0.00090041223692775,1.24713910403448,TRUE,TRUE,TRUE,0.778894472361809,5.55778894472362
"ENSG00000163873","GRIK3","down_in_WHO_II_vs_I",47,81.6198282029157,-3.09693238882038,-5.82797022117023,5.61055868248848e-09,9.83705570323725e-07,-0.121179478540789,0.654837201211991,0.759993540092749,0.00058563520504204,4.33933608157952e-05,0.000515916728251321,4.33933608157952e-05,0.0699895075337422,TRUE,TRUE,TRUE,0.768844221105528,5.53768844221106
"ENSG00000154654","NCAM2","down_in_WHO_II_vs_I",48,40.7816610565934,-1.68067433562066,-5.80738766960648,6.34550961024659e-09,1.0838539802018e-06,-0.172567122490658,0.522758971986014,0.668916447040066,0.00662325529511831,0.00035799522673031,0.00571691509683896,0.000347146886526361,0.687290596486152,TRUE,TRUE,TRUE,0.763819095477387,5.52763819095477
"ENSG00000169752","NRG4","up_in_WHO_II_vs_I",49,73.5521020478953,1.62357585784826,5.35362158012321,8.62110617423832e-08,8.29977403501671e-06,0.460178993308422,0.072877592672679,0.156588341012918,0.0462651811983212,0.00246257322629638,0.04169164912085,0.00243002820568453,2.17464042834626,TRUE,TRUE,TRUE,0.758793969849246,5.51758793969849
"ENSG00000163618","CADPS","down_in_WHO_II_vs_I",49,102.515856439973,-2.84053954507559,-5.79761720281286,6.72637705714773e-09,1.1249904668985e-06,-0.0447396243494299,0.869319480186576,0.927663069460843,0.00405761534921985,0.000607507051421133,0.00379268513741512,0.000520720329789542,0.413300771802649,TRUE,TRUE,TRUE,0.758793969849246,5.51758793969849
"ENSG00000150594","ADRA2A","down_in_WHO_II_vs_I",51,66.5461603946416,-2.21895320280101,-5.7912800958497,6.9851972971044e-09,1.14865278534683e-06,-0.153392997769474,0.570595508606364,0.687308226275847,0.0115872108426175,0.00414406595790844,0.00995579848571468,0.00253851160772402,0.609979945638754,TRUE,TRUE,TRUE,0.748743718592965,5.49748743718593
"ENSG00000183807","FAM162B","down_in_WHO_II_vs_I",52,158.71120468713,-2.66631949001824,-5.78266249981988,7.35274855064781e-09,1.18697571877074e-06,-0.498527242750791,0.0493535227847598,0.124558890837727,0.0351381123025224,0.0232913864178781,0.0242620299231702,0.00931872423519202,0.439197132912176,TRUE,TRUE,TRUE,0.743718592964824,5.48743718592965
"ENSG00000154736","ADAMTS5","up_in_WHO_II_vs_I",53,763.729005262194,2.19946954497149,5.29199798349346,1.209872268134e-07,1.07128322069725e-05,0.300394620631887,0.258279786779913,0.414812990888951,0.223531380286404,0.00870036884356694,0.107896314681317,0.00619440225645476,3.64247779103273,TRUE,TRUE,TRUE,0.738693467336683,5.47738693467337
"ENSG00000164588","HCN1","down_in_WHO_II_vs_I",55,135.62367185597,-3.29548155472974,-5.75718306554616,8.55291432624473e-09,1.33199062816076e-06,-0.103022321238167,0.704187161598235,0.796442964513938,0.0283335889677482,0.000596658711217184,0.0241644240556632,0.000585810371013235,1.85614492922162,TRUE,TRUE,TRUE,0.728643216080402,5.4572864321608
"ENSG00000185352","HS6ST3","down_in_WHO_II_vs_I",56,22.2330772147842,-3.02426519733335,-5.75589087318781,8.61860507195712e-09,1.33437175017582e-06,-0.504918617657852,0.0460631736989108,0.120066305215194,0.00411339013065243,0.000119331742243437,0.0039460657863547,0.000119331742243437,0.485513951518679,TRUE,TRUE,TRUE,0.723618090452261,5.44723618090452
"ENSG00000114248","LRRC31","down_in_WHO_II_vs_I",57,109.075931631339,-1.91088229395877,-5.74829460022396,9.01480697224086e-09,1.38759892203533e-06,-0.495696171876113,0.050865571503107,0.126369154203031,0.00697184767907191,0.00027120850509872,0.00656748051368574,0.00027120850509872,0.726566226682724,TRUE,TRUE,TRUE,0.718592964824121,5.43718592964824
"ENSG00000204291","COL15A1","down_in_WHO_II_vs_I",60,2225.48973053651,-1.6754775971479,-5.72995061674202,1.00459876533923e-08,1.49419956810989e-06,-0.198132622118904,0.461984512735223,0.612129479374171,0.1594043253343,0.0818073334779779,0.0794511761507035,0.0263940117162074,0.883789406516294,TRUE,TRUE,TRUE,0.703517587939698,5.4070351758794
"ENSG00000205517","RGL3","up_in_WHO_II_vs_I",60,123.239211658274,1.29101785277054,5.11972629718441,3.05979407261947e-07,2.25566604239903e-05,0.0575223741635528,0.832419711821986,0.900372341358475,0.0189355382963593,0.0138750271208505,0.0177503241909171,0.0129420698633109,0.277340111259919,TRUE,TRUE,TRUE,0.703517587939698,5.4070351758794
"ENSG00000050767","COL23A1","down_in_WHO_II_vs_I",61,723.100473432761,-2.65964137733169,-5.71943246531658,1.06880444635948e-08,1.5720332065204e-06,-0.300394620631887,0.258279786779913,0.414812990888951,0.239399305603971,0.00833152527663267,0.121881841125535,0.00638967238012584,3.76605871272611,TRUE,TRUE,TRUE,0.698492462311558,5.39698492462312
"ENSG00000160949","TONSL","up_in_WHO_II_vs_I",63,135.183835452564,1.00867259810314,5.01528439411826,5.29550778368645e-07,3.41567728969566e-05,0.306785995538948,0.247787131753999,0.414717409988272,0.0258794985847149,0.0054024734215665,0.0241783677510214,0.00520720329789542,1.21999768261614,TRUE,TRUE,TRUE,0.688442211055276,5.37688442211055
"ENSG00000171303","KCNK3","down_in_WHO_II_vs_I",66,42.9204460051135,-2.40399334870723,-5.61018774861279,2.02107229358641e-08,2.68883864184423e-06,-0.232968522491788,0.385218563802704,0.537278523198509,0.00150591909867953,0.00120416576263832,0.00142225692653067,0.00090041223692775,0.0338314153120188,TRUE,TRUE,TRUE,0.673366834170854,5.34673366834171
"ENSG00000214145","LINC00887","up_in_WHO_II_vs_I",68,137.218015815862,1.69634952443741,4.96364504464099,6.91823314083431e-07,4.21057982536984e-05,0.460178993308422,0.072877592672679,0.156588341012918,0.0353472677328946,0.00252766326752007,0.0313872582511817,0.00238663484486874,1.85589828809917,TRUE,TRUE,TRUE,0.663316582914573,5.32663316582915
"ENSG00000007001","UPP2","down_in_WHO_II_vs_I",68,7.90834829094471,-1.80693683450256,-5.60142279934333,2.12599470369724e-08,2.77269506307313e-06,-0.493049331302298,0.052310093365438,0.127958536078533,0.000711128463265335,2.16966804078976e-05,0.000711128463265335,2.16966804078976e-05,0.113082592489784,TRUE,TRUE,TRUE,0.663316582914573,5.32663316582915
"ENSG00000132429","POPDC3","down_in_WHO_II_vs_I",69,45.1891473498969,-2.70633614968598,-5.58668583410107,2.31443865682827e-08,2.93180686313533e-06,-0.17895849739772,0.507232421296939,0.661065204805027,0.0136508777556228,0.000488175309177696,0.0120055217033618,0.000433933608157952,1.17483014058416,TRUE,TRUE,TRUE,0.658291457286432,5.31658291457286
"ENSG00000163735","CXCL5","up_in_WHO_II_vs_I",70,8.49466996678029,1.95104753418001,4.92136531591753,8.59425369541987e-07,4.93563701922432e-05,0.84428251209867,3.90303853207566e-05,0.00106533565427229,0.0198000474085642,0.0316880017357344,0.0103043908696683,0.00419830765892818,-0.479599970973444,TRUE,TRUE,TRUE,0.653266331658291,5.30653266331658
"ENSG00000089250","NOS1","down_in_WHO_II_vs_I",70,138.10212349646,-3.35115963416148,-5.5576502844104,2.73430530893811e-08,3.35142282658039e-06,-0.0611695032351619,0.821948181424778,0.900372341358475,0.000543804118967609,0.000227815144282925,0.000543804118967609,0.000216966804078976,0.0496098518536593,TRUE,TRUE,TRUE,0.653266331658291,5.30653266331658
"ENSG00000088826","SMOX","down_in_WHO_II_vs_I",71,1134.01382597148,-1.22101378175983,-5.55036400374587,2.85075402316339e-08,3.44193241109516e-06,-0.22369812174715,0.404934659061654,0.555039748196577,0.170489563144024,0.0761336515513126,0.133859475438181,0.047461488392276,1.06726651599753,TRUE,TRUE,TRUE,0.648241206030151,5.2964824120603
"ENSG00000118785","SPP1","up_in_WHO_II_vs_I",73,2973.31658378653,1.5873086167661,4.88305347232738,1.04455529659999e-06,5.70197968607931e-05,0.715833989590879,0.00181784527753458,0.00996680686648268,4.92554066678751,18.932870470818,0.239176206478241,0.374213495335214,-1.94037492399023,TRUE,TRUE,TRUE,0.638190954773869,5.27638190954774
"ENSG00000168772","CXXC4","down_in_WHO_II_vs_I",73,578.804772985079,-2.03418732302833,-5.49479547788531,3.91163476980105e-08,4.54212853203872e-06,-0.447396243494299,0.0822775499489789,0.172133295287995,0.0436995412524227,0.00595573877196789,0.0360862835868762,0.00514211325667173,1.75120891817098,TRUE,TRUE,TRUE,0.638190954773869,5.27638190954774
"ENSG00000123838","C4BPA","up_in_WHO_II_vs_I",74,6.8805150110788,2.73784575387142,4.88257301938763,1.04710444879802e-06,5.70413380286578e-05,0.201112227241727,0.455138308677004,0.612129479374171,0.00189634256870756,0.000368843566934259,0.000780846940056054,0.000173573443263181,0.200311476850446,TRUE,TRUE,TRUE,0.633165829145729,5.26633165829146
"ENSG00000089199","CHGB","down_in_WHO_II_vs_I",75,78.7181026514099,-2.34404759036526,-5.46794429121169,4.55284916693756e-08,5.12922049764562e-06,-0.466570368215484,0.0684818785877128,0.153360826696427,0.0353054366468201,0.00145367758732914,0.0238158316717096,0.00116077240182252,1.9843172368011,TRUE,TRUE,TRUE,0.628140703517588,5.25628140703518
"ENSG00000164161","HHIP","down_in_WHO_II_vs_I",76,528.239033159763,-2.74894469984933,-5.45395177940011,4.92625658576927e-08,5.50306511005238e-06,-0.26843774609658,0.314771974582011,0.476654704367045,0.408815204205419,0.0112171837708831,0.172260412454509,0.00823389021479714,4.30305676811116,TRUE,TRUE,TRUE,0.623115577889447,5.24623115577889
"ENSG00000166960","CCDC178","down_in_WHO_II_vs_I",79,24.6492232481671,-2.51016964714016,-5.42199200581066,5.89385187114089e-08,6.3689685015696e-06,-0.0191741247211843,0.943810955352955,0.962525335814228,0.00290028863449391,0.000846170535908006,0.00269113320412176,0.000683445432848774,0.253783260529224,TRUE,TRUE,TRUE,0.608040201005025,5.21608040201005
"ENSG00000196090","PTPRT","down_in_WHO_II_vs_I",80,8.62752426432211,-3.07160629701088,-5.41570303578859,6.10483522009933e-08,6.51557613904894e-06,-0.348456632619749,0.18594282555477,0.32488911278251,0.000599578900400184,0.000249511824690822,0.000571691509683896,0.00018442178346713,0.0491917445531302,TRUE,TRUE,TRUE,0.603015075376884,5.20603015075377
"ENSG00000196188","CTSE","down_in_WHO_II_vs_I",81,63.559955062319,-3.3203789886525,-5.39809562107711,6.73519706404381e-08,7.02024969569134e-06,-0.013653865341984,0.959973365387112,0.962525335814228,0.0146269364306929,0.000455630288565849,0.0105553773861149,0.000412236927750054,1.23229008188685,TRUE,TRUE,TRUE,0.597989949748744,5.19597989949749
"ENSG00000038295","TLL1","down_in_WHO_II_vs_I",83,324.99040763267,-2.34390999617869,-5.39086166127642,7.01206408789953e-08,7.18089815649238e-06,-0.383482494423685,0.142579871703683,0.263606972103322,0.0737342610538645,0.00391625081362552,0.0537808329963607,0.00349316554567151,2.58792324928032,TRUE,TRUE,TRUE,0.587939698492462,5.17587939698492
"ENSG00000112182","BACH2","down_in_WHO_II_vs_I",84,465.656054234947,-1.33516577562698,-5.39049402925217,7.02642504136071e-08,7.18089815649238e-06,-0.389873869330747,0.135486672513337,0.253439775642594,0.0809710389447411,0.0503688435669343,0.0664417083815553,0.0365263614666956,0.591603164727791,TRUE,TRUE,TRUE,0.582914572864322,5.16582914572864
"ENSG00000139220","PPFIA2","down_in_WHO_II_vs_I",86,102.371428787438,-1.97125670356515,-5.38294657901266,7.32762906668595e-08,7.32071620907587e-06,-0.0639137490706142,0.814087422334567,0.898888195494418,0.0216963899772718,0.0018225211542634,0.0192422995942385,0.00174658277283576,1.42404957874632,TRUE,TRUE,TRUE,0.57286432160804,5.14572864321608
"ENSG00000107518","ATRNL1","up_in_WHO_II_vs_I",87,48.2695317797722,1.46260626104498,4.76685452920048,1.87124314888671e-06,8.76834732155322e-05,0.460178993308422,0.072877592672679,0.156588341012918,0.012214677133734,0.000759383814276416,0.0113222806308128,0.000726838793664569,1.04863181114352,TRUE,TRUE,TRUE,0.5678391959799,5.1356783919598
"ENSG00000205362","MT1A","down_in_WHO_II_vs_I",88,39.1903401522539,-2.46752563568174,-5.37084558883982,7.83682924351777e-08,7.76378058354531e-06,-0.166175747583597,0.53849877497565,0.668916447040066,0.174909714572556,0.101659796051204,0.0529999860563046,0.0090258190496854,0.727711195252733,TRUE,TRUE,TRUE,0.562814070351759,5.12562814070352
"ENSG00000229637","PRAC2","up_in_WHO_II_vs_I",89,7.29895428210493,3.28727376385171,4.7558688688409,1.97594705005401e-06,9.12970299305059e-05,0.549658242007282,0.0274095683524968,0.0792385703281273,0.0392096713471004,0.000520720329789542,0.028500913312046,0.000401388587546105,2.22437045693205,TRUE,TRUE,FALSE,0.557788944723618,5.11557788944724
"ENSG00000079689","SCGN","down_in_WHO_II_vs_I",91,34.0517632938842,-2.1697839878831,-5.32910240987612,9.86993341606204e-08,9.26618748901569e-06,-0.480384461415261,0.0596461657600225,0.136910817109328,0.0252938633796729,0.00199609459752658,0.0146827112121254,0.00145367758732914,1.55351373004452,TRUE,TRUE,TRUE,0.547738693467337,5.09547738693467
"ENSG00000213901","SLC23A3","up_in_WHO_II_vs_I",91,50.9418837161174,1.1361984541981,4.73553182356218,2.18481417449643e-06,9.90461562838922e-05,0.364308369702501,0.165363990411096,0.298782664492775,0.00520099836858764,0.00256020828813192,0.0050615614150062,0.00250596658711217,0.274060162926559,TRUE,TRUE,TRUE,0.547738693467337,5.09547738693467
"ENSG00000158055","GRHL3","down_in_WHO_II_vs_I",92,88.0757192789145,-2.28702055936049,-5.31961258933123,1.03988444934235e-07,9.64048530822984e-06,-0.409047994051931,0.115668275438884,0.23280070626307,0.00182662409191684,0.000368843566934259,0.00178479300584241,0.000368843566934259,0.196571123545023,TRUE,TRUE,TRUE,0.542713567839196,5.08542713567839
"ENSG00000261520","DLGAP1-AS5","down_in_WHO_II_vs_I",93,23.503547739325,-3.89121631503284,-5.31266532713884,1.08033337412728e-07,9.86269864828271e-06,-0.351587032556088,0.18175205842761,0.321095303222112,0.000739015853981622,7.59383814276416e-05,0.000725072158623478,7.59383814276416e-05,0.107156332960297,TRUE,TRUE,TRUE,0.537688442211055,5.07537688442211
"ENSG00000133116","KL","down_in_WHO_II_vs_I",94,54.4998134497572,-1.21774391861279,-5.29967799295026,1.160070945372e-07,1.03759723914607e-05,-0.780321715727559,0.000362025976911434,0.0034427355205712,0.00174296191976798,0.00227815144282925,0.00171507452905169,0.00207203297895422,-0.062149077810269,TRUE,TRUE,TRUE,0.532663316582915,5.06532663316583
"ENSG00000004848","ARX","up_in_WHO_II_vs_I",95,3.2314441119578,3.02573271798251,4.68481006935265,2.80219658127767e-06,0.000118190574150332,0.486561840100952,0.0559791115997229,0.133974104894665,0.00872875329419803,0.000238663484486874,0.00751565179803952,0.000206118463875027,0.879334302037254,TRUE,TRUE,TRUE,0.527638190954774,5.05527638190955
"ENSG00000117595","IRF6","down_in_WHO_II_vs_I",95,47.4506369522936,-1.82474263134064,-5.28404581935363,1.26361624686257e-07,1.11143654935835e-05,-0.241458565401955,0.367629432241437,0.517283891383968,0.00320704993237308,0.00215881970058581,0.00309550036950793,0.00207203297895422,0.116732950633059,TRUE,TRUE,TRUE,0.527638190954774,5.05527638190955
"ENSG00000118194","TNNT2","up_in_WHO_II_vs_I",96,3346.62074771097,1.59553169714691,4.68345581733602,2.82078278136898e-06,0.000118522474896047,0.0575223741635528,0.832419711821986,0.900372341358475,1.58209350642107,0.0358429160338468,0.320858373886247,0.0231503579952267,5.11808244436008,TRUE,TRUE,TRUE,0.522613065326633,5.04522613065327
"ENSG00000244752","CRYBB2","up_in_WHO_II_vs_I",99,37.2581486403861,1.21138042229114,4.65744280074249,3.20161336567879e-06,0.000129211454049308,0.0127827498141228,0.962525335814228,0.962525335814228,0.010178897611445,0.00440442612280321,0.00977453044605881,0.00425254935994793,0.486335176881976,TRUE,TRUE,TRUE,0.507537688442211,5.01507537688442
"ENSG00000145808","ADAMTS19","down_in_WHO_II_vs_I",100,43.9895570710711,-2.6484444441995,-5.25978502070996,1.44223916885222e-07,1.23971694790138e-05,-0.288461538461538,0.278590331460986,0.430056919439774,0.00121310149615851,0.000108483402039488,0.00119915780080037,9.76350618355392e-05,0.167448360240622,TRUE,TRUE,TRUE,0.50251256281407,5.00502512562814
"ENSG00000165186","PTCHD1","up_in_WHO_II_vs_I",100,18.7591673961083,2.3902626122024,4.65396869847698,3.256062540484e-06,0.000130810706766789,0.166175747583597,0.53849877497565,0.668916447040066,0.0100534043532217,0.000564113690605337,0.00923072632709121,0.000444781948361901,0.924675442729899,TRUE,TRUE,TRUE,0.50251256281407,5.00502512562814
"ENSG00000243543","WFDC6","up_in_WHO_II_vs_I",1,19.5089912627626,4.11318498042415,9.27634133713023,1.75398024532167e-20,4.64366269948911e-16,-0.246524665651149,0.357349473493674,0.511878975544992,0.00490818076606662,3.25450206118464e-05,0.00422493969351758,3.25450206118464e-05,0.579490113655114,FALSE,TRUE,TRUE,1,5
"ENSG00000137766","UNC13C","down_in_WHO_II_vs_I",5,39.477670513276,-4.45675548614413,-7.49187732260625,6.78953703309742e-14,1.79752992951254e-10,0.249374756470083,0.351637617756014,0.511878975544992,0.00122704519151666,0.000303753525710566,0.00112943932400965,0.000303753525710566,0.134778462288524,FALSE,TRUE,TRUE,0.979899497487437,4.95979899497487
"ENSG00000062524","LTK","up_in_WHO_II_vs_I",6,50.7450580786149,2.77610477313059,6.97607063077052,3.0355016341778e-12,2.87017520588776e-09,0.102261998512983,0.706279610040662,0.796442964513938,0.00383451622348955,0.00385116077240182,0.00362536079311739,0.0035582555868952,-0.00173468837841351,TRUE,TRUE,TRUE,0.974874371859296,4.94974874371859
"ENSG00000163993","S100P","down_in_WHO_II_vs_I",8,70.0382688955477,-3.89069741549857,-7.40391497631592,1.32227102475324e-13,2.4929481301007e-10,0.185349872304781,0.491924472488908,0.646413149799474,0.0292120417753113,0.0278042959427208,0.0139436953581438,0.0141679323063571,0.0519188232077413,FALSE,TRUE,TRUE,0.964824120603015,4.92964824120603
"ENSG00000165272","AQP3","down_in_WHO_II_vs_I",15,211.646055411468,-2.83877868337906,-6.84485155792785,7.65552119960231e-12,5.477835777283e-09,0.249263621375395,0.351859375578908,0.511878975544992,0.185465091958671,0.0773052722933391,0.0919726145823166,0.0530592319375136,1.16277029538099,FALSE,TRUE,TRUE,0.92964824120603,4.85929648241206
"ENSG00000011347","SYT7","down_in_WHO_II_vs_I",21,158.820486627913,-2.30711093717687,-6.5523413212631,5.66418932470501e-11,2.9991882474313e-08,-0.35791699479544,0.173469211232261,0.309905669504826,0.00453170099139674,0.00090041223692775,0.00442015142853159,0.000846170535908006,0.414769454716188,TRUE,TRUE,FALSE,0.899497487437186,4.79899497487437
"ENSG00000046653","GPM6B","down_in_WHO_II_vs_I",27,521.543914007976,-2.61837247533413,-6.29292244746447,3.11544011081455e-10,1.06258575614833e-07,0.415439368958992,0.109537681622434,0.223288350999578,0.0779313133566658,0.0263397700151877,0.0317637380258516,0.0214146235625949,1.2748277280769,FALSE,TRUE,TRUE,0.869346733668342,4.73869346733668
"ENSG00000250479","CHCHD10","up_in_WHO_II_vs_I",28,123.7839005423,1.32251488887938,5.86345157435299,4.53343104978557e-09,8.34883541026883e-07,0.485744492936668,0.0564544970310853,0.133974104894665,0.503743882203662,0.935224560642222,0.274133050741107,0.470036884356693,-0.879607807768447,TRUE,TRUE,TRUE,0.864321608040201,4.7286432160804
"ENSG00000165238","WNK2","down_in_WHO_II_vs_I",29,299.275273148716,-2.3505883915684,-6.2313105335961,4.62549179853988e-10,1.42395227170167e-07,0.127827498141228,0.637085874565749,0.744828338646722,0.0195908919781921,0.0013777392059015,0.018224409833094,0.00128010414406596,1.37893926743074,FALSE,TRUE,TRUE,0.85929648241206,4.71859296482412
"ENSG00000164825","DEFB1","down_in_WHO_II_vs_I",33,167.666536142822,-3.09553642355561,-6.15736286434151,7.39662431804593e-10,2.00521719663963e-07,0.22369812174715,0.404934659061654,0.555039748196577,0.176708451273757,0.0111303970492515,0.0697463641814354,0.00489260143198091,3.14339545048113,FALSE,TRUE,TRUE,0.839195979899497,4.67839195979899
"ENSG00000185565","LSAMP","down_in_WHO_II_vs_I",39,137.052437115148,-3.14020499645427,-6.04083283162721,1.53320764859546e-09,3.63124500386479e-07,0.26843774609658,0.314771974582011,0.476654704367045,0.0263535842268918,0.0017574311130397,0.0194514550246106,0.00143198090692124,1.62852473205293,FALSE,TRUE,TRUE,0.809045226130653,4.61809045226131
"ENSG00000236423","LINC01134","up_in_WHO_II_vs_I",39,10.4752277088677,1.8089869119406,5.52593959413574,3.27726884873954e-08,3.89083824082419e-06,-0.0127827498141228,0.962525335814228,0.962525335814228,0.00198000474085642,0.000596658711217184,0.00196606104549828,0.000596658711217184,0.179096889774966,FALSE,TRUE,TRUE,0.809045226130653,4.61809045226131
"ENSG00000231453","LINC01305","up_in_WHO_II_vs_I",56,38.5540806402638,3.17216664033567,5.21592890300878,1.82898323734841e-07,1.50379910586333e-05,0.397435897435897,0.127411409706644,0.247053831016541,0.0332975445152474,0.00100889563896724,0.0245827349164075,0.00090041223692775,1.97599542694047,TRUE,TRUE,FALSE,0.723618090452261,4.44723618090452
"ENSG00000101236","RNF24","down_in_WHO_II_vs_I",59,738.661258111804,-1.09304304986557,-5.73122829718576,9.97059610574614e-09,1.49419956810989e-06,0.294003245724825,0.26904154758554,0.419388294765695,0.223921803756432,0.0879474940334129,0.170531394230099,0.072889997830332,1.25594585395697,FALSE,TRUE,TRUE,0.708542713567839,4.41708542713568
"ENSG00000115602","IL1RL1","down_in_WHO_II_vs_I",63,299.780963308266,-2.96112641148229,-5.68353806422885,1.31936342319439e-08,1.87322647461219e-06,0.31317737044601,0.237563496587309,0.401836127206193,0.0124935510408969,0.00288565849425038,0.00486634967999219,0.00130180082447386,0.810882073418355,FALSE,TRUE,TRUE,0.688442211055276,4.37688442211055
"ENSG00000168333","PPDPFL","up_in_WHO_II_vs_I",72,40.9632139261715,2.61054544466181,4.88809003445158,1.01818966235878e-06,5.59264964957439e-05,-0.0319568745353071,0.906473843553035,0.954498947847236,0.0566532342401383,0.000954653937947494,0.0250428768632263,0.000770232154480365,2.6057344621213,FALSE,TRUE,TRUE,0.64321608040201,4.28643216080402
"ENSG00000102290","PCDH11X","down_in_WHO_II_vs_I",77,19.3962272469228,-3.37324322360676,-5.44581105807979,5.1569855470429e-08,5.66519470364983e-06,0.389873869330747,0.135486672513337,0.253439775642594,0.00298395080664278,0.000607507051421133,0.00271902059483804,0.000488175309177696,0.294809641362885,FALSE,TRUE,TRUE,0.618090452261307,4.23618090452261
"ENSG00000010310","GIPR","up_in_WHO_II_vs_I",80,22.3283516006082,1.5326709326461,4.81357336826313,1.48255136358022e-06,7.40576365109178e-05,0.300394620631887,0.258279786779913,0.414812990888951,0.00437832034245716,0.00573877196788891,0.00425282708423386,0.0053590800607507,-0.130427825857916,TRUE,TRUE,TRUE,0.603015075376884,4.20603015075377
"ENSG00000134532","SOX5","down_in_WHO_II_vs_I",85,28.4942532753098,-1.51879444874027,-5.38777184950202,7.13365268324137e-08,7.23614769305806e-06,-0.153392997769474,0.570595508606364,0.687308226275847,0.00262141472733104,0.00759383814276416,0.00257958364125661,0.0068019093078759,-0.479196614653255,TRUE,TRUE,TRUE,0.577889447236181,4.15577889447236
"ENSG00000186714","CCDC73","up_in_WHO_II_vs_I",88,17.1914154552732,1.41702064710961,4.7579288588561,1.95589401002122e-06,9.08461296759855e-05,-0.313407902218446,0.237199761289961,0.401836127206193,0.0016871871383354,0.00071599045346062,0.00153380648939582,0.00071599045346062,0.130825122280812,FALSE,TRUE,TRUE,0.562814070351759,4.12562814070352
"ENSG00000223466","LINC01825","up_in_WHO_II_vs_I",90,2.23483239148592,2.5311531490034,4.75199025756618,2.0142408027988e-06,9.27426526158229e-05,0.397435897435897,0.127411409706644,0.247053831016541,0.00209155430372157,0.00105228899978303,0.00204972321764714,0.00100889563896724,0.127075262453011,TRUE,TRUE,FALSE,0.552763819095477,4.10552763819095
"ENSG00000169385","RNASE2","up_in_WHO_II_vs_I",93,64.7079319934825,1.49542418634562,4.71222490872808,2.45026729854961e-06,0.000107719571990598,0.255654996282457,0.339234200177785,0.504095680638018,0.036072339891518,0.11151008895639,0.0179315922305729,0.0727164243870688,-1.39910332990457,TRUE,TRUE,TRUE,0.537688442211055,4.07537688442211
"ENSG00000172927","MYEOV","up_in_WHO_II_vs_I",97,73.5818487457117,1.56694821362967,4.67870019048833,2.88699213780612e-06,0.000120177856679901,-0.294003245724825,0.26904154758554,0.419388294765695,0.0192841306803129,0.00385116077240182,0.0167882092112052,0.00340637882403992,1.07785409123843,FALSE,TRUE,TRUE,0.517587939698492,4.03517587939698
"ENSG00000125384","PTGER2","down_in_WHO_II_vs_I",97,306.65020733791,-1.70868463864998,-5.26925668829486,1.36977304271179e-07,1.1890079116654e-05,-0.0191741247211843,0.943810955352955,0.962525335814228,0.0361560020636669,0.108993274029074,0.0280826024513016,0.0600998047298763,-1.36628985772101,TRUE,TRUE,TRUE,0.517587939698492,4.03517587939698
"ENSG00000214814","FER1L6","down_in_WHO_II_vs_I",99,29.9751809190745,-2.8429675379959,-5.26171385685552,1.42718759000824e-07,1.23077496565043e-05,0.111562391052406,0.680823980621761,0.784427629846811,0.00167324344297726,9.76350618355392e-05,0.0012409888868748,9.76350618355392e-05,0.208509036229642,FALSE,TRUE,TRUE,0.507537688442211,4.01507537688442
"ENSG00000172828","CES3","up_in_WHO_II_vs_I",13,44.833178496065,1.40830213309167,6.36552601722599,1.94621579478801e-10,7.80697926772918e-08,-0.102261998512983,0.706279610040662,0.796442964513938,0.00209155430372157,0.00412236927750054,0.00206366691300528,0.00400303753525711,-0.225090244929482,FALSE,TRUE,TRUE,0.939698492462312,3.87939698492462
"ENSG00000187837","H1-2","up_in_WHO_II_vs_I",16,379.86364412335,1.99140419076293,6.29236498489976,3.12665248135448e-10,1.06258575614833e-07,,,,,,,,0,,TRUE,TRUE,0.92462311557789,3.84924623115578
"ENSG00000184678","H2BC21","up_in_WHO_II_vs_I",18,413.83239123046,1.75944952502375,6.23413126312431,4.54292044794175e-10,1.41498610422656e-07,,,,,,,,0,,TRUE,TRUE,0.914572864321608,3.82914572864322
"ENSG00000135127","BICDL1","down_in_WHO_II_vs_I",25,237.496782405282,-2.867661788706,-6.39383182761803,1.61779356931583e-10,6.90823947542525e-08,0.76696498884737,0.000526558925222426,0.00380558495956208,0.0106111521675474,0.077337817313951,0.00762720136090467,0.0499132132783684,-2.08318132266259,FALSE,TRUE,FALSE,0.879396984924623,3.75879396984925
"ENSG00000112276","POPDC1","down_in_WHO_II_vs_I",43,271.079824736275,-1.30497016159347,-5.96616298292107,2.42897669148592e-09,4.94670445439152e-07,,,,,,,,0,,TRUE,TRUE,0.78894472361809,3.57788944723618
"ENSG00000261716","H2BC20P","up_in_WHO_II_vs_I",57,139.927326896222,1.05944609670123,5.15481825588522,2.53877038302893e-07,1.9370013224983e-05,,,,,,,,0,,TRUE,TRUE,0.718592964824121,3.43718592964824
"ENSG00000105926","PALS2","down_in_WHO_II_vs_I",58,1307.41513279228,-1.08878989224873,-5.73421696676988,9.79638631117242e-09,1.48205330050451e-06,,,,,,,,0,,TRUE,TRUE,0.71356783919598,3.42713567839196
"ENSG00000168004","PLAAT5","down_in_WHO_II_vs_I",78,119.365387731568,-2.0125989258142,-5.43312139687963,5.53767058256881e-08,6.03332628286047e-06,,,,,,,,0,,TRUE,TRUE,0.613065326633166,3.22613065326633
"ENSG00000134594","RAB33A","down_in_WHO_II_vs_I",96,18.0295629076933,-1.35768933824988,-5.27764085451275,1.30857612648215e-07,1.14717062743758e-05,0.0511309992564914,0.85083332572919,0.91407093777663,0.0371181170433788,0.0425363419396832,0.0320286682376563,0.0333044044261228,-0.157033863699013,FALSE,TRUE,TRUE,0.522613065326633,3.04522613065327
"ENSG00000256288","LINC02617","up_in_WHO_II_vs_I",12,23.5414521429091,3.19306671815128,6.44852571926639,1.1294339907599e-10,5.15547670782214e-08,,,,,,,,0,,TRUE,FALSE,0.944723618090452,2.8894472361809
"ENSG00000245648","KLRK1-AS1","up_in_WHO_II_vs_I",20,168.254071627932,1.88734417828961,6.15879745769647,7.32994008483122e-10,2.00521719663963e-07,,,,,,,,0,,TRUE,FALSE,0.904522613065327,2.80904522613065
"ENSG00000225062","CATIP-AS1","up_in_WHO_II_vs_I",27,9.2743615140854,1.48295739966955,5.86317435037084,4.5410096282482e-09,8.34883541026883e-07,,,,,,,,0,,TRUE,FALSE,0.869346733668342,2.73869346733668
"ENSG00000224186","PITX1-AS1","up_in_WHO_II_vs_I",33,27.0212676957954,1.54068978077935,5.68885654031012,1.27892852410778e-08,1.84019742803009e-06,,,,,,,,0,,TRUE,FALSE,0.839195979899497,2.67839195979899
"ENSG00000233135","RPS27P18","up_in_WHO_II_vs_I",37,14.3686020533732,6.59490413995186,5.56531001911021,2.61686746945621e-08,3.23745636700248e-06,,,,,,,,0,,TRUE,FALSE,0.819095477386935,2.63819095477387
"ENSG00000251076","LOC101927023","up_in_WHO_II_vs_I",45,16.4454689347026,3.26818709824413,5.3849260760716,7.24744285524612e-08,7.26803218153943e-06,,,,,,,,0,,TRUE,FALSE,0.778894472361809,2.55778894472362
"ENSG00000266903","CEACAM16-AS1","up_in_WHO_II_vs_I",52,7.81075712117056,1.57183719870761,5.2940394378364,1.19643613042565e-07,1.06652008596024e-05,,,,,,,,0,,TRUE,FALSE,0.743718592964824,2.48743718592965
"ENSG00000250579","ADAMTS16-DT","up_in_WHO_II_vs_I",62,1.98476468312347,3.00001122183662,5.05599174067198,4.28159863682214e-07,2.93666642253539e-05,,,,,,,,0,,TRUE,FALSE,0.693467336683417,2.38693467336683
"ENSG00000231412","LINC03078","up_in_WHO_II_vs_I",66,58.2348492623943,2.447057752883,4.98532572229846,6.18575146148828e-07,3.85335929277417e-05,,,,,,,,0,,TRUE,FALSE,0.673366834170854,2.34673366834171
"ENSG00000248479","LOC105377259","down_in_WHO_II_vs_I",74,4.42199105512138,-4.46275516354684,-5.48126183755193,4.22302932971327e-08,4.79848504309695e-06,,,,,,,,0,,TRUE,FALSE,0.633165829145729,2.26633165829146
"ENSG00000229900","ENSG00000229900","up_in_WHO_II_vs_I",2,11.803827458746,4.1195379817465,8.38548007496693,5.05191524643603e-17,4.4583152049798e-13,,,,,,,,0,,FALSE,FALSE,0.994974874371859,1.98994974874372
"ENSG00000237096","ENSG00000237096","down_in_WHO_II_vs_I",3,22.6834620856243,-5.47921780240428,-8.03107197189099,9.66246461508574e-16,5.1162750136879e-12,,,,,,,,0,,FALSE,FALSE,0.989949748743719,1.97989949748744
"ENSG00000232135","ENSG00000232135","up_in_WHO_II_vs_I",4,3.38748948524294,3.80571483231475,7.44890610626784,9.41173215819649e-14,2.26523280807502e-10,,,,,,,,0,,FALSE,FALSE,0.984924623115578,1.96984924623116
"ENSG00000207148","ENSG00000207148","down_in_WHO_II_vs_I",18,50.7949201488799,-4.22623254518685,-6.73264977184033,1.66600749120146e-11,1.07579386169655e-08,,,,,,,,0,,FALSE,FALSE,0.914572864321608,1.82914572864322
"ENSG00000185168","ENSG00000185168","up_in_WHO_II_vs_I",31,21.1625553026141,1.61162913072695,5.72297957540303,1.04671853136136e-08,1.5481493361895e-06,,,,,,,,0,,FALSE,FALSE,0.849246231155779,1.69849246231156
"ENSG00000270102","ENSG00000270102","up_in_WHO_II_vs_I",34,17.2317249785953,1.02229401155532,5.67218813383018,1.40985022307704e-08,1.96451498189288e-06,,,,,,,,0,,FALSE,FALSE,0.834170854271357,1.66834170854271
"ENSG00000266927","ENSG00000266927","up_in_WHO_II_vs_I",36,36.4018502263529,1.36447287825112,5.58876575340583,2.28689191779755e-08,2.92097258514722e-06,,,,,,,,0,,FALSE,FALSE,0.824120603015075,1.64824120603015
"ENSG00000239559","ENSG00000239559","up_in_WHO_II_vs_I",38,47.0034032786359,1.30845457677279,5.56034822070251,2.69236911547675e-08,3.31537080615102e-06,,,,,,,,0,,FALSE,FALSE,0.814070351758794,1.62814070351759
"ENSG00000244291","ENSG00000244291","up_in_WHO_II_vs_I",41,35.41899649025,1.40803623212455,5.48824717166445,4.05941772497382e-08,4.65251447050571e-06,,,,,,,,0,,FALSE,FALSE,0.798994974874372,1.59798994974874
"ENSG00000187990","ENSG00000187990","up_in_WHO_II_vs_I",42,5.61418314457856,1.67833935699322,5.45034688099532,5.02716692323488e-08,5.56879683232817e-06,,,,,,,,0,,FALSE,FALSE,0.793969849246231,1.58793969849246
"ENSG00000257262","ENSG00000257262","down_in_WHO_II_vs_I",46,12.3220460061572,-3.21091810472088,-5.85917147459753,4.6518217137006e-09,8.46669137872353e-07,,,,,,,,0,,FALSE,FALSE,0.773869346733668,1.54773869346734
"ENSG00000226398","ENSG00000226398","up_in_WHO_II_vs_I",47,6.35362834027608,1.33965932234041,5.36210229804803,8.22589302079977e-08,8.03618146589203e-06,,,,,,,,0,,FALSE,FALSE,0.768844221105528,1.53768844221106
"ENSG00000182217","ENSG00000182217","up_in_WHO_II_vs_I",48,6.44792533916902,1.53900401987188,5.35722692526013,8.45089541582351e-08,8.16580950217587e-06,,,,,,,,0,,FALSE,FALSE,0.763819095477387,1.52763819095477
"ENSG00000197847","ENSG00000197847","up_in_WHO_II_vs_I",50,13.159026343254,1.43411618354612,5.34692458866825,8.9461267094126e-08,8.55049475204688e-06,,,,,,,,0,,FALSE,FALSE,0.753768844221105,1.50753768844221
"ENSG00000257764","ENSG00000257764","up_in_WHO_II_vs_I",55,9.2885446336394,2.07070486127181,5.25151561952064,1.50852738231148e-07,1.28833104666762e-05,,,,,,,,0,,FALSE,FALSE,0.728643216080402,1.4572864321608
"ENSG00000034063","ENSG00000034063","up_in_WHO_II_vs_I",58,102.486686167814,1.15397771970926,5.13834888071179,2.77162952288439e-07,2.08462760279444e-05,,,,,,,,0,,FALSE,FALSE,0.71356783919598,1.42713567839196
"ENSG00000255318","ENSG00000255318","up_in_WHO_II_vs_I",59,5.08358576208319,1.58734062138942,5.13648771728524,2.79920636492961e-07,2.09347425173761e-05,,,,,,,,0,,FALSE,FALSE,0.708542713567839,1.41708542713568
"ENSG00000197846","ENSG00000197846","up_in_WHO_II_vs_I",67,2.53010978749383,1.91599900517457,4.96989185749324,6.69902542621931e-07,4.12457437579433e-05,,,,,,,,0,,FALSE,FALSE,0.668341708542714,1.33668341708543
"ENSG00000269396","ENSG00000269396","up_in_WHO_II_vs_I",69,4.86657797358598,1.39071929679699,4.95893128441333,7.08820314481596e-07,4.29428325535475e-05,,,,,,,,0,,FALSE,FALSE,0.658291457286432,1.31658291457286
"ENSG00000231793","ENSG00000231793","up_in_WHO_II_vs_I",75,8.57774027875964,1.06569624881972,4.85429058224949,1.20818468451095e-06,6.41015822092731e-05,,,,,,,,0,,FALSE,FALSE,0.628140703517588,1.25628140703518
"ENSG00000261211","ENSG00000261211","up_in_WHO_II_vs_I",76,18.232280798043,2.13512999568445,4.83638850680658,1.32219379197925e-06,6.85030932341498e-05,,,,,,,,0,,FALSE,FALSE,0.623115577889447,1.24623115577889
"ENSG00000232445","ENSG00000232445","up_in_WHO_II_vs_I",79,2.29066416484627,2.20726684026396,4.81503183348765,1.47176426255042e-06,7.39053573770477e-05,,,,,,,,0,,FALSE,FALSE,0.608040201005025,1.21608040201005
"ENSG00000236947","ENSG00000236947","up_in_WHO_II_vs_I",82,3.11943032738031,1.38458935196867,4.79512065370879,1.62576949413418e-06,7.89766006554171e-05,,,,,,,,0,,FALSE,FALSE,0.592964824120603,1.18592964824121
"ENSG00000231394","ENSG00000231394","up_in_WHO_II_vs_I",85,5.47341608271301,1.80386980362776,4.77786916630004,1.77162588220422e-06,8.4359343941289e-05,,,,,,,,0,,FALSE,FALSE,0.577889447236181,1.15577889447236
"ENSG00000237153","ENSG00000237153","down_in_WHO_II_vs_I",98,36.4818529260047,-2.06894650870107,-5.26944115902431,1.36839726274263e-07,1.1890079116654e-05,,,,,,,,0,,FALSE,FALSE,0.512562814070352,1.0251256281407
