"ensembl","symbol","direction","program_rank","baseMean","log2FoldChange","stat","pvalue","padj"
"ENSG00000243543","WFDC6","up_in_WHO_II_vs_I",1,19.5089912627626,4.11318498042415,9.27634133713023,1.75398024532167e-20,4.64366269948911e-16
"ENSG00000229900","ENSG00000229900","up_in_WHO_II_vs_I",2,11.803827458746,4.1195379817465,8.38548007496693,5.05191524643603e-17,4.4583152049798e-13
"ENSG00000101448","EPPIN","up_in_WHO_II_vs_I",3,93.5456117200761,3.02240959378686,7.6377156526735,2.21109500834974e-14,6.50430448289548e-11
"ENSG00000232135","ENSG00000232135","up_in_WHO_II_vs_I",4,3.38748948524294,3.80571483231475,7.44890610626784,9.41173215819649e-14,2.26523280807502e-10
"ENSG00000260852","FBXL19-AS1","up_in_WHO_II_vs_I",5,185.924069512936,1.19621821544544,7.01759702547085,2.2571641427542e-12,2.3903368271767e-09
"ENSG00000062524","LTK","up_in_WHO_II_vs_I",6,50.7450580786149,2.77610477313059,6.97607063077052,3.0355016341778e-12,2.87017520588776e-09
"ENSG00000127561","SYNGR3","up_in_WHO_II_vs_I",7,22.8350744862913,2.68856847104397,6.85274680435911,7.24452468248331e-12,5.477835777283e-09
"ENSG00000149927","DOC2A","up_in_WHO_II_vs_I",8,52.271513951877,1.4693917635174,6.85006475764723,7.38165657017422e-12,5.477835777283e-09
"ENSG00000124102","PI3","up_in_WHO_II_vs_I",9,43.2579560550709,3.05005967983503,6.78820983333585,1.13533445891165e-11,7.70717430761181e-09
"ENSG00000114270","COL7A1","up_in_WHO_II_vs_I",10,571.084336792746,1.85826567808596,6.58140421519403,4.66025696539056e-11,2.57042298247323e-08
"ENSG00000163661","PTX3","up_in_WHO_II_vs_I",11,65.2270822395634,2.66184565143786,6.47019615650135,9.78757755996832e-11,4.62725206964574e-08
"ENSG00000256288","LINC02617","up_in_WHO_II_vs_I",12,23.5414521429091,3.19306671815128,6.44852571926639,1.1294339907599e-10,5.15547670782214e-08
"ENSG00000172828","CES3","up_in_WHO_II_vs_I",13,44.833178496065,1.40830213309167,6.36552601722599,1.94621579478801e-10,7.80697926772918e-08
"ENSG00000235387","SPAAR","up_in_WHO_II_vs_I",14,48.5435833413401,1.7247500585894,6.32486161111703,2.53459632147848e-10,9.44092114424406e-08
"ENSG00000132517","SLC52A1","up_in_WHO_II_vs_I",15,6.27206703005353,2.25657117658965,6.29217095586588,3.13056426740585e-10,1.06258575614833e-07
"ENSG00000187837","H1-2","up_in_WHO_II_vs_I",16,379.86364412335,1.99140419076293,6.29236498489976,3.12665248135448e-10,1.06258575614833e-07
"ENSG00000239672","NME1","up_in_WHO_II_vs_I",17,278.82622307116,1.05339622697043,6.29758104751912,3.02326296601244e-10,1.06258575614833e-07
"ENSG00000184678","H2BC21","up_in_WHO_II_vs_I",18,413.83239123046,1.75944952502375,6.23413126312431,4.54292044794175e-10,1.41498610422656e-07
"ENSG00000175920","DOK7","up_in_WHO_II_vs_I",19,5.71529223674963,3.03532639408069,6.15842679096915,7.34711339098563e-10,2.00521719663963e-07
"ENSG00000245648","KLRK1-AS1","up_in_WHO_II_vs_I",20,168.254071627932,1.88734417828961,6.15879745769647,7.32994008483122e-10,2.00521719663963e-07
"ENSG00000204991","SPIRE2","up_in_WHO_II_vs_I",21,223.87018897531,1.19902071352789,6.08505324248577,1.16452605363326e-09,2.90856861037176e-07
"ENSG00000069011","PITX1","up_in_WHO_II_vs_I",22,75.6066911547605,3.38853121134392,6.04052202969978,1.53616408095508e-09,3.63124500386479e-07
"ENSG00000138180","CEP55","up_in_WHO_II_vs_I",23,85.4324776064463,1.28368392716333,6.01976531486391,1.74670134347052e-09,3.95247162977625e-07
"ENSG00000240498","CDKN2B-AS1","up_in_WHO_II_vs_I",24,13.6198368909471,1.50663979239317,6.02087938292549,1.73471996140002e-09,3.95247162977625e-07
"ENSG00000163923","RPL39L","up_in_WHO_II_vs_I",25,104.974077387658,1.20024719756264,6.00064354349552,1.96537017932181e-09,4.26501438504468e-07
"ENSG00000178826","TMEM139","up_in_WHO_II_vs_I",26,6.4287483244515,1.83991589655207,5.97613602749866,2.28492232104935e-09,4.76325342124265e-07
"ENSG00000225062","CATIP-AS1","up_in_WHO_II_vs_I",27,9.2743615140854,1.48295739966955,5.86317435037084,4.5410096282482e-09,8.34883541026883e-07
"ENSG00000250479","CHCHD10","up_in_WHO_II_vs_I",28,123.7839005423,1.32251488887938,5.86345157435299,4.53343104978557e-09,8.34883541026883e-07
"ENSG00000101057","MYBL2","up_in_WHO_II_vs_I",29,46.4855957628671,1.55909738262748,5.8574260252506,4.70096098904236e-09,8.46669137872353e-07
"ENSG00000178623","GPR35","up_in_WHO_II_vs_I",30,34.5420351877488,1.03984325199393,5.83796506258955,5.2842234145737e-09,9.32665432672257e-07
"ENSG00000185168","ENSG00000185168","up_in_WHO_II_vs_I",31,21.1625553026141,1.61162913072695,5.72297957540303,1.04671853136136e-08,1.5481493361895e-06
"ENSG00000197580","BCO2","up_in_WHO_II_vs_I",32,306.611468858022,1.47764404971297,5.70692959797289,1.15032333235842e-08,1.67334122110929e-06
"ENSG00000224186","PITX1-AS1","up_in_WHO_II_vs_I",33,27.0212676957954,1.54068978077935,5.68885654031012,1.27892852410778e-08,1.84019742803009e-06
"ENSG00000270102","ENSG00000270102","up_in_WHO_II_vs_I",34,17.2317249785953,1.02229401155532,5.67218813383018,1.40985022307704e-08,1.96451498189288e-06
"ENSG00000105143","SLC1A6","up_in_WHO_II_vs_I",35,4.0861813768548,3.42709714126399,5.66558680910058,1.46522220304305e-08,2.03098208510811e-06
"ENSG00000266927","ENSG00000266927","up_in_WHO_II_vs_I",36,36.4018502263529,1.36447287825112,5.58876575340583,2.28689191779755e-08,2.92097258514722e-06
"ENSG00000233135","RPS27P18","up_in_WHO_II_vs_I",37,14.3686020533732,6.59490413995186,5.56531001911021,2.61686746945621e-08,3.23745636700248e-06
"ENSG00000239559","ENSG00000239559","up_in_WHO_II_vs_I",38,47.0034032786359,1.30845457677279,5.56034822070251,2.69236911547675e-08,3.31537080615102e-06
"ENSG00000236423","LINC01134","up_in_WHO_II_vs_I",39,10.4752277088677,1.8089869119406,5.52593959413574,3.27726884873954e-08,3.89083824082419e-06
"ENSG00000213931","HBE1","up_in_WHO_II_vs_I",40,12.2716513460687,1.82750405925408,5.50360427621779,3.7210427125236e-08,4.35905335460453e-06
"ENSG00000244291","ENSG00000244291","up_in_WHO_II_vs_I",41,35.41899649025,1.40803623212455,5.48824717166445,4.05941772497382e-08,4.65251447050571e-06
"ENSG00000187990","ENSG00000187990","up_in_WHO_II_vs_I",42,5.61418314457856,1.67833935699322,5.45034688099532,5.02716692323488e-08,5.56879683232817e-06
"ENSG00000123975","CKS2","up_in_WHO_II_vs_I",43,118.829127351682,1.12340705003604,5.44898198874015,5.06589426608752e-08,5.58831461227779e-06
"ENSG00000175600","SUGCT","up_in_WHO_II_vs_I",44,58.0799448648793,1.00205890599563,5.38496788092315,7.24575860664141e-08,7.26803218153943e-06
"ENSG00000251076","LOC101927023","up_in_WHO_II_vs_I",45,16.4454689347026,3.26818709824413,5.3849260760716,7.24744285524612e-08,7.26803218153943e-06
"ENSG00000183856","IQGAP3","up_in_WHO_II_vs_I",46,128.825766240996,1.29799362650059,5.3698921770476,7.87837316051664e-08,7.76378058354531e-06
"ENSG00000226398","ENSG00000226398","up_in_WHO_II_vs_I",47,6.35362834027608,1.33965932234041,5.36210229804803,8.22589302079977e-08,8.03618146589203e-06
"ENSG00000182217","ENSG00000182217","up_in_WHO_II_vs_I",48,6.44792533916902,1.53900401987188,5.35722692526013,8.45089541582351e-08,8.16580950217587e-06
"ENSG00000169752","NRG4","up_in_WHO_II_vs_I",49,73.5521020478953,1.62357585784826,5.35362158012321,8.62110617423832e-08,8.29977403501671e-06
"ENSG00000197847","ENSG00000197847","up_in_WHO_II_vs_I",50,13.159026343254,1.43411618354612,5.34692458866825,8.9461267094126e-08,8.55049475204688e-06
"ENSG00000121743","GJA3","up_in_WHO_II_vs_I",51,182.936451205919,2.35393323287143,5.31516570781491,1.06560309292292e-07,9.80937121885782e-06
"ENSG00000266903","CEACAM16-AS1","up_in_WHO_II_vs_I",52,7.81075712117056,1.57183719870761,5.2940394378364,1.19643613042565e-07,1.06652008596024e-05
"ENSG00000154736","ADAMTS5","up_in_WHO_II_vs_I",53,763.729005262194,2.19946954497149,5.29199798349346,1.209872268134e-07,1.07128322069725e-05
"ENSG00000125355","TMEM255A","up_in_WHO_II_vs_I",54,40.756500448642,1.83537790596488,5.25903184655971,1.4481581101017e-07,1.24077624482015e-05
"ENSG00000257764","ENSG00000257764","up_in_WHO_II_vs_I",55,9.2885446336394,2.07070486127181,5.25151561952064,1.50852738231148e-07,1.28833104666762e-05
"ENSG00000231453","LINC01305","up_in_WHO_II_vs_I",56,38.5540806402638,3.17216664033567,5.21592890300878,1.82898323734841e-07,1.50379910586333e-05
"ENSG00000261716","H2BC20P","up_in_WHO_II_vs_I",57,139.927326896222,1.05944609670123,5.15481825588522,2.53877038302893e-07,1.9370013224983e-05
"ENSG00000034063","ENSG00000034063","up_in_WHO_II_vs_I",58,102.486686167814,1.15397771970926,5.13834888071179,2.77162952288439e-07,2.08462760279444e-05
"ENSG00000255318","ENSG00000255318","up_in_WHO_II_vs_I",59,5.08358576208319,1.58734062138942,5.13648771728524,2.79920636492961e-07,2.09347425173761e-05
"ENSG00000205517","RGL3","up_in_WHO_II_vs_I",60,123.239211658274,1.29101785277054,5.11972629718441,3.05979407261947e-07,2.25566604239903e-05
"ENSG00000135451","TROAP","up_in_WHO_II_vs_I",61,54.9246192806164,1.35905350077665,5.09103552564658,3.56113291079375e-07,2.53443531756087e-05
"ENSG00000250579","ADAMTS16-DT","up_in_WHO_II_vs_I",62,1.98476468312347,3.00001122183662,5.05599174067198,4.28159863682214e-07,2.93666642253539e-05
"ENSG00000160949","TONSL","up_in_WHO_II_vs_I",63,135.183835452564,1.00867259810314,5.01528439411826,5.29550778368645e-07,3.41567728969566e-05
"ENSG00000072571","HMMR","up_in_WHO_II_vs_I",64,114.674025055303,1.18388423189648,5.00397374027759,5.61604107457049e-07,3.55971572851503e-05
"ENSG00000106541","AGR2","up_in_WHO_II_vs_I",65,778.139867047352,3.15884292537443,5.00143484813561,5.69051979443734e-07,3.58705979899354e-05
"ENSG00000231412","LINC03078","up_in_WHO_II_vs_I",66,58.2348492623943,2.447057752883,4.98532572229846,6.18575146148828e-07,3.85335929277417e-05
"ENSG00000197846","ENSG00000197846","up_in_WHO_II_vs_I",67,2.53010978749383,1.91599900517457,4.96989185749324,6.69902542621931e-07,4.12457437579433e-05
"ENSG00000214145","LINC00887","up_in_WHO_II_vs_I",68,137.218015815862,1.69634952443741,4.96364504464099,6.91823314083431e-07,4.21057982536984e-05
"ENSG00000269396","ENSG00000269396","up_in_WHO_II_vs_I",69,4.86657797358598,1.39071929679699,4.95893128441333,7.08820314481596e-07,4.29428325535475e-05
"ENSG00000163735","CXCL5","up_in_WHO_II_vs_I",70,8.49466996678029,1.95104753418001,4.92136531591753,8.59425369541987e-07,4.93563701922432e-05
"ENSG00000144354","CDCA7","up_in_WHO_II_vs_I",71,68.045109594068,1.72000411029798,4.91840261323469,8.72533078144319e-07,5.00006780170365e-05
"ENSG00000168333","PPDPFL","up_in_WHO_II_vs_I",72,40.9632139261715,2.61054544466181,4.88809003445158,1.01818966235878e-06,5.59264964957439e-05
"ENSG00000118785","SPP1","up_in_WHO_II_vs_I",73,2973.31658378653,1.5873086167661,4.88305347232738,1.04455529659999e-06,5.70197968607931e-05
"ENSG00000123838","C4BPA","up_in_WHO_II_vs_I",74,6.8805150110788,2.73784575387142,4.88257301938763,1.04710444879802e-06,5.70413380286578e-05
"ENSG00000231793","ENSG00000231793","up_in_WHO_II_vs_I",75,8.57774027875964,1.06569624881972,4.85429058224949,1.20818468451095e-06,6.41015822092731e-05
"ENSG00000261211","ENSG00000261211","up_in_WHO_II_vs_I",76,18.232280798043,2.13512999568445,4.83638850680658,1.32219379197925e-06,6.85030932341498e-05
"ENSG00000160957","RECQL4","up_in_WHO_II_vs_I",77,102.973161689556,1.0036316471316,4.83451760907569,1.33468890634833e-06,6.90154078038516e-05
"ENSG00000143228","NUF2","up_in_WHO_II_vs_I",78,70.636353394459,1.14632482166363,4.82638643780213,1.39032612261389e-06,7.11970678843381e-05
"ENSG00000232445","ENSG00000232445","up_in_WHO_II_vs_I",79,2.29066416484627,2.20726684026396,4.81503183348765,1.47176426255042e-06,7.39053573770477e-05
"ENSG00000010310","GIPR","up_in_WHO_II_vs_I",80,22.3283516006082,1.5326709326461,4.81357336826313,1.48255136358022e-06,7.40576365109178e-05
"ENSG00000143476","DTL","up_in_WHO_II_vs_I",81,137.789472822283,1.27677461808394,4.80942769310909,1.51363035420698e-06,7.47637381112496e-05
"ENSG00000236947","ENSG00000236947","up_in_WHO_II_vs_I",82,3.11943032738031,1.38458935196867,4.79512065370879,1.62576949413418e-06,7.89766006554171e-05
"ENSG00000163462","TRIM46","up_in_WHO_II_vs_I",83,85.4104099659613,1.2230267087238,4.79238868024133,1.64807220795689e-06,7.96712536653198e-05
"ENSG00000154920","EME1","up_in_WHO_II_vs_I",84,45.4921008837302,1.00518045455269,4.78460705848563,1.71322162662804e-06,8.21694611684373e-05
"ENSG00000231394","ENSG00000231394","up_in_WHO_II_vs_I",85,5.47341608271301,1.80386980362776,4.77786916630004,1.77162588220422e-06,8.4359343941289e-05
"ENSG00000071539","TRIP13","up_in_WHO_II_vs_I",86,77.6158119004068,1.00366367974164,4.77167252944345,1.82702382495034e-06,8.63758138670717e-05
"ENSG00000107518","ATRNL1","up_in_WHO_II_vs_I",87,48.2695317797722,1.46260626104498,4.76685452920048,1.87124314888671e-06,8.76834732155322e-05
"ENSG00000186714","CCDC73","up_in_WHO_II_vs_I",88,17.1914154552732,1.41702064710961,4.7579288588561,1.95589401002122e-06,9.08461296759855e-05
"ENSG00000229637","PRAC2","up_in_WHO_II_vs_I",89,7.29895428210493,3.28727376385171,4.7558688688409,1.97594705005401e-06,9.12970299305059e-05
"ENSG00000223466","LINC01825","up_in_WHO_II_vs_I",90,2.23483239148592,2.5311531490034,4.75199025756618,2.0142408027988e-06,9.27426526158229e-05
"ENSG00000213901","SLC23A3","up_in_WHO_II_vs_I",91,50.9418837161174,1.1361984541981,4.73553182356218,2.18481417449643e-06,9.90461562838922e-05
"ENSG00000162073","PAQR4","up_in_WHO_II_vs_I",92,134.541717332341,1.10035043515795,4.71217950487864,2.4508134472475e-06,0.000107719571990598
"ENSG00000169385","RNASE2","up_in_WHO_II_vs_I",93,64.7079319934825,1.49542418634562,4.71222490872808,2.45026729854961e-06,0.000107719571990598
"ENSG00000166803","PCLAF","up_in_WHO_II_vs_I",94,81.4206939154184,1.30316734553184,4.68746752903151,2.76606571185053e-06,0.000117626556716129
"ENSG00000004848","ARX","up_in_WHO_II_vs_I",95,3.2314441119578,3.02573271798251,4.68481006935265,2.80219658127767e-06,0.000118190574150332
"ENSG00000118194","TNNT2","up_in_WHO_II_vs_I",96,3346.62074771097,1.59553169714691,4.68345581733602,2.82078278136898e-06,0.000118522474896047
"ENSG00000172927","MYEOV","up_in_WHO_II_vs_I",97,73.5818487457117,1.56694821362967,4.67870019048833,2.88699213780612e-06,0.000120177856679901
"ENSG00000156509","FBXO43","up_in_WHO_II_vs_I",98,16.5370924094863,1.03988347494683,4.67202850460412,2.98239557280138e-06,0.000122607022965709
"ENSG00000244752","CRYBB2","up_in_WHO_II_vs_I",99,37.2581486403861,1.21138042229114,4.65744280074249,3.20161336567879e-06,0.000129211454049308
"ENSG00000165186","PTCHD1","up_in_WHO_II_vs_I",100,18.7591673961083,2.3902626122024,4.65396869847698,3.256062540484e-06,0.000130810706766789
"ENSG00000186867","QRFPR","down_in_WHO_II_vs_I",1,466.787499568497,-4.40947250211732,-8.38846719761934,4.92521446931264e-17,4.4583152049798e-13
"ENSG00000186766","FOXI2","down_in_WHO_II_vs_I",2,74.0956698950203,-3.58712802254891,-8.11634738818808,4.80424202575032e-16,3.17980769079349e-12
"ENSG00000237096","ENSG00000237096","down_in_WHO_II_vs_I",3,22.6834620856243,-5.47921780240428,-8.03107197189099,9.66246461508574e-16,5.1162750136879e-12
"ENSG00000143195","ILDR2","down_in_WHO_II_vs_I",4,430.077009866995,-3.82075203136673,-7.65255713951413,1.97021514717326e-14,6.50430448289548e-11
"ENSG00000137766","UNC13C","down_in_WHO_II_vs_I",5,39.477670513276,-4.45675548614413,-7.49187732260625,6.78953703309742e-14,1.79752992951254e-10
"ENSG00000070193","FGF10","down_in_WHO_II_vs_I",6,61.2494976699353,-4.28404988567948,-7.38657449558313,1.50659754793621e-13,2.4929481301007e-10
"ENSG00000162551","ALPL","down_in_WHO_II_vs_I",7,6197.45869179918,-2.68458688610033,-7.38954838157923,1.4732835320692e-13,2.4929481301007e-10
"ENSG00000163993","S100P","down_in_WHO_II_vs_I",8,70.0382688955477,-3.89069741549857,-7.40391497631592,1.32227102475324e-13,2.4929481301007e-10
"ENSG00000248485","PCP4L1","down_in_WHO_II_vs_I",9,32.6851288321115,-3.73253504076749,-7.40534455399817,1.30810385166519e-13,2.4929481301007e-10
"ENSG00000145242","EPHA5","down_in_WHO_II_vs_I",10,126.983052176916,-4.36004602369183,-7.22772611291797,4.91147973592678e-13,6.84375926361376e-10
"ENSG00000144290","SLC4A10","down_in_WHO_II_vs_I",11,494.190295052978,-4.04447106128401,-7.06495852716546,1.60663970497134e-12,1.7723244245465e-09
"ENSG00000117600","PLPPR4","down_in_WHO_II_vs_I",12,722.089694484535,-2.90999524507441,-7.00505314068227,2.46892107014738e-12,2.51402635892892e-09
"ENSG00000100234","TIMP3","down_in_WHO_II_vs_I",13,46409.4706465232,-1.98131702472711,-6.98004164182241,2.95092583922304e-12,2.87017520588776e-09
"ENSG00000070759","TESK2","down_in_WHO_II_vs_I",14,237.561325642321,-1.31039573187245,-6.84630441212116,7.57821339983014e-12,5.477835777283e-09
"ENSG00000165272","AQP3","down_in_WHO_II_vs_I",15,211.646055411468,-2.83877868337906,-6.84485155792785,7.65552119960231e-12,5.477835777283e-09
"ENSG00000171551","ECEL1","down_in_WHO_II_vs_I",16,1715.58850713187,-4.14227449554433,-6.81191197371002,9.63100354816898e-12,6.71002155099404e-09
"ENSG00000085563","ABCB1","down_in_WHO_II_vs_I",17,5955.57622760047,-2.54436417256755,-6.76223698356667,1.35877203881426e-11,8.99337243190187e-09
"ENSG00000207148","ENSG00000207148","down_in_WHO_II_vs_I",18,50.7949201488799,-4.22623254518685,-6.73264977184033,1.66600749120146e-11,1.07579386169655e-08
"ENSG00000122121","XPNPEP2","down_in_WHO_II_vs_I",19,295.797960096581,-3.41519860230266,-6.6374714444941,3.19109755045308e-11,1.83661538365751e-08
"ENSG00000177103","DSCAML1","down_in_WHO_II_vs_I",20,34.4027562757312,-2.8631123606233,-6.60738142611269,3.91177264856188e-11,2.20349321001438e-08
"ENSG00000011347","SYT7","down_in_WHO_II_vs_I",21,158.820486627913,-2.30711093717687,-6.5523413212631,5.66418932470501e-11,2.9991882474313e-08
"ENSG00000134240","HMGCS2","down_in_WHO_II_vs_I",22,4.33493541232518,-4.11721340002313,-6.47284354401972,9.61755258565873e-11,4.62725206964574e-08
"ENSG00000167588","GPD1","down_in_WHO_II_vs_I",23,70.2130608137238,-2.05067389339132,-6.46638297506686,1.00376494212536e-10,4.66222400750334e-08
"ENSG00000169618","PROKR1","down_in_WHO_II_vs_I",24,97.6555589881043,-3.46787999471277,-6.40827146815758,1.47178680309152e-10,6.49425926864135e-08
"ENSG00000135127","BICDL1","down_in_WHO_II_vs_I",25,237.496782405282,-2.867661788706,-6.39383182761803,1.61779356931583e-10,6.90823947542525e-08
"ENSG00000091622","PITPNM3","down_in_WHO_II_vs_I",26,379.722115882782,-1.97781893697457,-6.36974738052094,1.89339798145355e-10,7.71195562445887e-08
"ENSG00000046653","GPM6B","down_in_WHO_II_vs_I",27,521.543914007976,-2.61837247533413,-6.29292244746447,3.11544011081455e-10,1.06258575614833e-07
"ENSG00000138411","HECW2","down_in_WHO_II_vs_I",28,585.872644462951,-1.57562793788303,-6.27598876361946,3.47419273850616e-10,1.1353242621836e-07
"ENSG00000165238","WNK2","down_in_WHO_II_vs_I",29,299.275273148716,-2.3505883915684,-6.2313105335961,4.62549179853988e-10,1.42395227170167e-07
"ENSG00000109339","MAPK10","down_in_WHO_II_vs_I",30,950.805536040135,-1.02102529399407,-6.22490256879093,4.81855359790648e-10,1.44967280118834e-07
"ENSG00000186575","NF2","down_in_WHO_II_vs_I",31,1055.98992614313,-1.30797957660429,-6.19258025635717,5.91871950871393e-10,1.72789060921163e-07
"ENSG00000243910","TUBA4B","down_in_WHO_II_vs_I",32,18.9382115135532,-4.74997495704699,-6.19203823185942,5.93911408643092e-10,1.72789060921163e-07
"ENSG00000164825","DEFB1","down_in_WHO_II_vs_I",33,167.666536142822,-3.09553642355561,-6.15736286434151,7.39662431804593e-10,2.00521719663963e-07
"ENSG00000163285","GABRG1","down_in_WHO_II_vs_I",34,144.171827690785,-3.36836511632533,-6.14773679782425,7.85963115936593e-10,2.1018559085274e-07
"ENSG00000198478","SH3BGRL2","down_in_WHO_II_vs_I",35,1368.71261263037,-1.2813140398051,-6.11808140299556,9.47086868237209e-10,2.41097354197886e-07
"ENSG00000143194","MAEL","down_in_WHO_II_vs_I",36,85.2212363138125,-2.74911018182555,-6.08053214611577,1.1978433338597e-09,2.96382264148929e-07
"ENSG00000185774","KCNIP4","down_in_WHO_II_vs_I",37,716.545166476665,-3.34475598515479,-6.06317760385392,1.33458151432941e-09,3.22101893951565e-07
"ENSG00000255571","MIR9-3HG","down_in_WHO_II_vs_I",38,41.8964008422544,-2.58368874014726,-6.06273156079921,1.33828926665428e-09,3.22101893951565e-07
"ENSG00000185565","LSAMP","down_in_WHO_II_vs_I",39,137.052437115148,-3.14020499645427,-6.04083283162721,1.53320764859546e-09,3.63124500386479e-07
"ENSG00000183347","GBP6","down_in_WHO_II_vs_I",40,14.55720783737,-2.448701383315,-6.02108753377393,1.73249027395646e-09,3.95247162977625e-07
"ENSG00000160870","CYP3A7","down_in_WHO_II_vs_I",41,57.3355695760507,-3.77144545376328,-6.01402209157739,1.80975830999009e-09,4.05033020125147e-07
"ENSG00000149201","CCDC81","down_in_WHO_II_vs_I",42,54.387863552029,-1.61216528858732,-5.98415267002157,2.17519218448655e-09,4.60705704674251e-07
"ENSG00000112276","POPDC1","down_in_WHO_II_vs_I",43,271.079824736275,-1.30497016159347,-5.96616298292107,2.42897669148592e-09,4.94670445439152e-07
"ENSG00000182836","PLCXD3","down_in_WHO_II_vs_I",44,152.474197976353,-2.9377194716547,-5.91255859992614,3.36833951108811e-09,6.55711680559247e-07
"ENSG00000214491","SEC14L6","down_in_WHO_II_vs_I",45,136.786743167327,-1.6404273901236,-5.87731018224064,4.16986428106597e-09,7.829585591576e-07
"ENSG00000257262","ENSG00000257262","down_in_WHO_II_vs_I",46,12.3220460061572,-3.21091810472088,-5.85917147459753,4.6518217137006e-09,8.46669137872353e-07
"ENSG00000163873","GRIK3","down_in_WHO_II_vs_I",47,81.6198282029157,-3.09693238882038,-5.82797022117023,5.61055868248848e-09,9.83705570323725e-07
"ENSG00000154654","NCAM2","down_in_WHO_II_vs_I",48,40.7816610565934,-1.68067433562066,-5.80738766960648,6.34550961024659e-09,1.0838539802018e-06
"ENSG00000163618","CADPS","down_in_WHO_II_vs_I",49,102.515856439973,-2.84053954507559,-5.79761720281286,6.72637705714773e-09,1.1249904668985e-06
"ENSG00000172348","RCAN2","down_in_WHO_II_vs_I",50,975.024342506723,-1.3208570870253,-5.79849017437249,6.69146228778175e-09,1.1249904668985e-06
"ENSG00000150594","ADRA2A","down_in_WHO_II_vs_I",51,66.5461603946416,-2.21895320280101,-5.7912800958497,6.9851972971044e-09,1.14865278534683e-06
"ENSG00000183807","FAM162B","down_in_WHO_II_vs_I",52,158.71120468713,-2.66631949001824,-5.78266249981988,7.35274855064781e-09,1.18697571877074e-06
"ENSG00000186732","MPPED1","down_in_WHO_II_vs_I",53,527.591429715131,-1.93271806276011,-5.77386194701074,7.74749212632244e-09,1.24312032754174e-06
"ENSG00000134343","ANO3","down_in_WHO_II_vs_I",54,119.701580208602,-2.60942697806214,-5.76817272747993,8.01356509014907e-09,1.27041398659699e-06
"ENSG00000164588","HCN1","down_in_WHO_II_vs_I",55,135.62367185597,-3.29548155472974,-5.75718306554616,8.55291432624473e-09,1.33199062816076e-06
"ENSG00000185352","HS6ST3","down_in_WHO_II_vs_I",56,22.2330772147842,-3.02426519733335,-5.75589087318781,8.61860507195712e-09,1.33437175017582e-06
"ENSG00000114248","LRRC31","down_in_WHO_II_vs_I",57,109.075931631339,-1.91088229395877,-5.74829460022396,9.01480697224086e-09,1.38759892203533e-06
"ENSG00000105926","PALS2","down_in_WHO_II_vs_I",58,1307.41513279228,-1.08878989224873,-5.73421696676988,9.79638631117242e-09,1.48205330050451e-06
"ENSG00000101236","RNF24","down_in_WHO_II_vs_I",59,738.661258111804,-1.09304304986557,-5.73122829718576,9.97059610574614e-09,1.49419956810989e-06
"ENSG00000204291","COL15A1","down_in_WHO_II_vs_I",60,2225.48973053651,-1.6754775971479,-5.72995061674202,1.00459876533923e-08,1.49419956810989e-06
"ENSG00000050767","COL23A1","down_in_WHO_II_vs_I",61,723.100473432761,-2.65964137733169,-5.71943246531658,1.06880444635948e-08,1.5720332065204e-06
"ENSG00000154548","SRSF12","down_in_WHO_II_vs_I",62,411.487927970292,-1.09249190948684,-5.69711262927163,1.21853433818971e-08,1.76287959582364e-06
"ENSG00000115602","IL1RL1","down_in_WHO_II_vs_I",63,299.780963308266,-2.96112641148229,-5.68353806422885,1.31936342319439e-08,1.87322647461219e-06
"ENSG00000156804","FBXO32","down_in_WHO_II_vs_I",64,6938.37701469734,-2.02943832416344,-5.68287417716125,1.32449714471125e-08,1.87322647461219e-06
"ENSG00000123096","SSPN","down_in_WHO_II_vs_I",65,855.907845219222,-1.11391864859703,-5.6278677360158,1.82450899492436e-08,2.45197338277272e-06
"ENSG00000171303","KCNK3","down_in_WHO_II_vs_I",66,42.9204460051135,-2.40399334870723,-5.61018774861279,2.02107229358641e-08,2.68883864184423e-06
"ENSG00000081148","IMPG2","down_in_WHO_II_vs_I",67,148.36064283995,-1.63728389609282,-5.60380540010476,2.096961304838e-08,2.7483688388904e-06
"ENSG00000007001","UPP2","down_in_WHO_II_vs_I",68,7.90834829094471,-1.80693683450256,-5.60142279934333,2.12599470369724e-08,2.77269506307313e-06
"ENSG00000132429","POPDC3","down_in_WHO_II_vs_I",69,45.1891473498969,-2.70633614968598,-5.58668583410107,2.31443865682827e-08,2.93180686313533e-06
"ENSG00000089250","NOS1","down_in_WHO_II_vs_I",70,138.10212349646,-3.35115963416148,-5.5576502844104,2.73430530893811e-08,3.35142282658039e-06
"ENSG00000088826","SMOX","down_in_WHO_II_vs_I",71,1134.01382597148,-1.22101378175983,-5.55036400374587,2.85075402316339e-08,3.44193241109516e-06
"ENSG00000076864","RAP1GAP","down_in_WHO_II_vs_I",72,263.394214327408,-1.65327227089995,-5.54749230639852,2.89795908162968e-08,3.47165007629619e-06
"ENSG00000168772","CXXC4","down_in_WHO_II_vs_I",73,578.804772985079,-2.03418732302833,-5.49479547788531,3.91163476980105e-08,4.54212853203872e-06
"ENSG00000248479","LOC105377259","down_in_WHO_II_vs_I",74,4.42199105512138,-4.46275516354684,-5.48126183755193,4.22302932971327e-08,4.79848504309695e-06
"ENSG00000089199","CHGB","down_in_WHO_II_vs_I",75,78.7181026514099,-2.34404759036526,-5.46794429121169,4.55284916693756e-08,5.12922049764562e-06
"ENSG00000164161","HHIP","down_in_WHO_II_vs_I",76,528.239033159763,-2.74894469984933,-5.45395177940011,4.92625658576927e-08,5.50306511005238e-06
"ENSG00000102290","PCDH11X","down_in_WHO_II_vs_I",77,19.3962272469228,-3.37324322360676,-5.44581105807979,5.1569855470429e-08,5.66519470364983e-06
"ENSG00000168004","PLAAT5","down_in_WHO_II_vs_I",78,119.365387731568,-2.0125989258142,-5.43312139687963,5.53767058256881e-08,6.03332628286047e-06
"ENSG00000166960","CCDC178","down_in_WHO_II_vs_I",79,24.6492232481671,-2.51016964714016,-5.42199200581066,5.89385187114089e-08,6.3689685015696e-06
"ENSG00000196090","PTPRT","down_in_WHO_II_vs_I",80,8.62752426432211,-3.07160629701088,-5.41570303578859,6.10483522009933e-08,6.51557613904894e-06
"ENSG00000196188","CTSE","down_in_WHO_II_vs_I",81,63.559955062319,-3.3203789886525,-5.39809562107711,6.73519706404381e-08,7.02024969569134e-06
"ENSG00000156219","ART3","down_in_WHO_II_vs_I",82,30.7503626247997,-1.60172099068414,-5.39706611801362,6.77394305283181e-08,7.03294675779303e-06
"ENSG00000038295","TLL1","down_in_WHO_II_vs_I",83,324.99040763267,-2.34390999617869,-5.39086166127642,7.01206408789953e-08,7.18089815649238e-06
"ENSG00000112182","BACH2","down_in_WHO_II_vs_I",84,465.656054234947,-1.33516577562698,-5.39049402925217,7.02642504136071e-08,7.18089815649238e-06
"ENSG00000134532","SOX5","down_in_WHO_II_vs_I",85,28.4942532753098,-1.51879444874027,-5.38777184950202,7.13365268324137e-08,7.23614769305806e-06
"ENSG00000139220","PPFIA2","down_in_WHO_II_vs_I",86,102.371428787438,-1.97125670356515,-5.38294657901266,7.32762906668595e-08,7.32071620907587e-06
"ENSG00000100003","SEC14L2","down_in_WHO_II_vs_I",87,686.113940589433,-1.43334551751268,-5.37530803904386,7.64518643258724e-08,7.60925980461456e-06
"ENSG00000205362","MT1A","down_in_WHO_II_vs_I",88,39.1903401522539,-2.46752563568174,-5.37084558883982,7.83682924351777e-08,7.76378058354531e-06
"ENSG00000095587","TLL2","down_in_WHO_II_vs_I",89,114.008930677542,-1.82296053749094,-5.33534253865177,9.53643555188283e-08,8.99694041439257e-06
"ENSG00000117298","ECE1","down_in_WHO_II_vs_I",90,4487.13318257182,-1.25982077674181,-5.33601680819105,9.50105982920236e-08,8.99694041439257e-06
"ENSG00000079689","SCGN","down_in_WHO_II_vs_I",91,34.0517632938842,-2.1697839878831,-5.32910240987612,9.86993341606204e-08,9.26618748901569e-06
"ENSG00000158055","GRHL3","down_in_WHO_II_vs_I",92,88.0757192789145,-2.28702055936049,-5.31961258933123,1.03988444934235e-07,9.64048530822984e-06
"ENSG00000261520","DLGAP1-AS5","down_in_WHO_II_vs_I",93,23.503547739325,-3.89121631503284,-5.31266532713884,1.08033337412728e-07,9.86269864828271e-06
"ENSG00000133116","KL","down_in_WHO_II_vs_I",94,54.4998134497572,-1.21774391861279,-5.29967799295026,1.160070945372e-07,1.03759723914607e-05
"ENSG00000117595","IRF6","down_in_WHO_II_vs_I",95,47.4506369522936,-1.82474263134064,-5.28404581935363,1.26361624686257e-07,1.11143654935835e-05
"ENSG00000134594","RAB33A","down_in_WHO_II_vs_I",96,18.0295629076933,-1.35768933824988,-5.27764085451275,1.30857612648215e-07,1.14717062743758e-05
"ENSG00000125384","PTGER2","down_in_WHO_II_vs_I",97,306.65020733791,-1.70868463864998,-5.26925668829486,1.36977304271179e-07,1.1890079116654e-05
"ENSG00000237153","ENSG00000237153","down_in_WHO_II_vs_I",98,36.4818529260047,-2.06894650870107,-5.26944115902431,1.36839726274263e-07,1.1890079116654e-05
"ENSG00000214814","FER1L6","down_in_WHO_II_vs_I",99,29.9751809190745,-2.8429675379959,-5.26171385685552,1.42718759000824e-07,1.23077496565043e-05
"ENSG00000145808","ADAMTS19","down_in_WHO_II_vs_I",100,43.9895570710711,-2.6484444441995,-5.25978502070996,1.44223916885222e-07,1.23971694790138e-05
